DateTime, Sensor, Temperature (Celcius), Relative Humidity (%)
2017-12-11 00:00:04 +0800, HIH6130, 19.941406, 77.368164
2017-12-11 00:00:34 +0800, HIH6130, 19.941406, 77.368164
2017-12-11 00:01:04 +0800, HIH6130, 19.941406, 77.368164
2017-12-11 00:01:34 +0800, HIH6130, 19.941406, 77.368164
2017-12-11 00:02:04 +0800, HIH6130, 19.941406, 77.368164
2017-12-11 00:02:34 +0800, HIH6130, 19.938049, 77.368164
2017-12-11 00:03:04 +0800, HIH6130, 19.941406, 77.368164
2017-12-11 00:03:34 +0800, HIH6130, 19.941406, 77.368164
2017-12-11 00:04:04 +0800, HIH6130, 19.941406, 77.368164
2017-12-11 00:04:34 +0800, HIH6130, 19.938049, 77.368164
2017-12-11 00:05:04 +0800, HIH6130, 19.938049, 77.368164
2017-12-11 00:05:34 +0800, HIH6130, 19.938049, 77.372231
2017-12-11 00:06:04 +0800, HIH6130, 19.934692, 77.368164
2017-12-11 00:06:34 +0800, HIH6130, 19.941406, 77.368164
2017-12-11 00:07:04 +0800, HIH6130, 19.941406, 77.368164
2017-12-11 00:07:34 +0800, HIH6130, 19.941406, 77.368164
2017-12-11 00:08:04 +0800, HIH6130, 19.941406, 77.368164
2017-12-11 00:08:34 +0800, HIH6130, 19.934692, 77.376305
2017-12-11 00:09:04 +0800, HIH6130, 19.941406, 77.368164
2017-12-11 00:09:34 +0800, HIH6130, 19.938049, 77.372231
2017-12-11 00:10:04 +0800, HIH6130, 19.934692, 77.372231
2017-12-11 00:10:34 +0800, HIH6130, 19.941406, 77.368164
2017-12-11 00:11:04 +0800, HIH6130, 19.938049, 77.368164
2017-12-11 00:11:34 +0800, HIH6130, 19.934692, 77.372231
2017-12-11 00:12:04 +0800, HIH6130, 19.938049, 77.368164
2017-12-11 00:12:34 +0800, HIH6130, 19.941406, 77.368164
2017-12-11 00:13:04 +0800, HIH6130, 19.931335, 77.368164
2017-12-11 00:13:34 +0800, HIH6130, 19.938049, 77.368164
2017-12-11 00:14:04 +0800, HIH6130, 19.941406, 77.368164
2017-12-11 00:14:34 +0800, HIH6130, 19.934692, 77.368164
2017-12-11 00:15:04 +0800, HIH6130, 19.938049, 77.368164
2017-12-11 00:15:34 +0800, HIH6130, 19.938049, 77.368164
2017-12-11 00:16:04 +0800, HIH6130, 19.934692, 77.368164
2017-12-11 00:16:34 +0800, HIH6130, 19.938049, 77.372231
2017-12-11 00:17:04 +0800, HIH6130, 19.938049, 77.368164
2017-12-11 00:17:34 +0800, HIH6130, 19.934692, 77.368164
2017-12-11 00:18:04 +0800, HIH6130, 19.938049, 77.368164
2017-12-11 00:18:34 +0800, HIH6130, 19.938049, 77.368164
2017-12-11 00:19:04 +0800, HIH6130, 19.938049, 77.368164
2017-12-11 00:19:34 +0800, HIH6130, 19.938049, 77.368164
2017-12-11 00:20:04 +0800, HIH6130, 19.941406, 77.368164
2017-12-11 00:20:34 +0800, HIH6130, 19.934692, 77.368164
2017-12-11 00:21:04 +0800, HIH6130, 19.941406, 77.368164
2017-12-11 00:21:34 +0800, HIH6130, 19.934692, 77.368164
2017-12-11 00:22:04 +0800, HIH6130, 19.941406, 77.368164
2017-12-11 00:22:35 +0800, HIH6130, 19.941406, 77.368164
2017-12-11 00:23:05 +0800, HIH6130, 19.934692, 77.372231
2017-12-11 00:23:35 +0800, HIH6130, 19.934692, 77.368164
2017-12-11 00:24:05 +0800, HIH6130, 19.941406, 77.368164
2017-12-11 00:24:35 +0800, HIH6130, 19.941406, 77.368164
2017-12-11 00:25:05 +0800, HIH6130, 19.941406, 77.368164
2017-12-11 00:25:35 +0800, HIH6130, 19.938049, 77.368164
2017-12-11 00:26:05 +0800, HIH6130, 19.941406, 77.368164
2017-12-11 00:26:35 +0800, HIH6130, 19.938049, 77.368164
2017-12-11 00:27:05 +0800, HIH6130, 19.938049, 77.368164
2017-12-11 00:27:35 +0800, HIH6130, 19.938049, 77.368164
2017-12-11 00:28:05 +0800, HIH6130, 19.941406, 77.351891
2017-12-11 00:28:35 +0800, HIH6130, 19.941406, 77.368164
2017-12-11 00:29:05 +0800, HIH6130, 19.934692, 77.368164
2017-12-11 00:29:35 +0800, HIH6130, 19.934692, 77.368164
2017-12-11 00:30:05 +0800, HIH6130, 19.931335, 77.368164
2017-12-11 00:30:35 +0800, HIH6130, 19.941406, 77.372231
2017-12-11 00:31:05 +0800, HIH6130, 19.941406, 77.372231
2017-12-11 00:31:35 +0800, HIH6130, 19.951477, 77.376305
2017-12-11 00:32:05 +0800, HIH6130, 19.951477, 77.368164
2017-12-11 00:32:35 +0800, HIH6130, 19.971619, 77.360023
2017-12-11 00:33:05 +0800, HIH6130, 19.981689, 77.343750
2017-12-11 00:33:35 +0800, HIH6130, 19.998474, 77.331543
2017-12-11 00:34:05 +0800, HIH6130, 19.998474, 77.319336
2017-12-11 00:34:35 +0800, HIH6130, 20.011902, 77.307129
2017-12-11 00:35:05 +0800, HIH6130, 20.028687, 77.280678
2017-12-11 00:35:35 +0800, HIH6130, 20.045471, 77.260338
2017-12-11 00:36:05 +0800, HIH6130, 20.052185, 77.248131
2017-12-11 00:36:35 +0800, HIH6130, 20.055542, 77.223717
2017-12-11 00:37:05 +0800, HIH6130, 20.062256, 77.197266
2017-12-11 00:37:35 +0800, HIH6130, 20.082397, 77.180992
2017-12-11 00:38:05 +0800, HIH6130, 20.085754, 77.166748
2017-12-11 00:38:35 +0800, HIH6130, 20.105896, 77.140297
2017-12-11 00:39:05 +0800, HIH6130, 20.112610, 77.124023
2017-12-11 00:39:35 +0800, HIH6130, 20.122681, 77.119957
2017-12-11 00:40:05 +0800, HIH6130, 20.126038, 77.103676
2017-12-11 00:40:35 +0800, HIH6130, 20.129395, 77.103676
2017-12-11 00:41:05 +0800, HIH6130, 20.139465, 77.099609
2017-12-11 00:41:35 +0800, HIH6130, 20.152893, 77.099609
2017-12-11 00:42:05 +0800, HIH6130, 20.159607, 77.075195
2017-12-11 00:42:35 +0800, HIH6130, 20.162964, 77.083336
2017-12-11 00:43:05 +0800, HIH6130, 20.173035, 77.069092
2017-12-11 00:43:35 +0800, HIH6130, 20.173035, 77.062988
2017-12-11 00:44:05 +0800, HIH6130, 20.173035, 77.050781
2017-12-11 00:44:35 +0800, HIH6130, 20.186462, 77.056885
2017-12-11 00:45:05 +0800, HIH6130, 20.193176, 77.038574
2017-12-11 00:45:35 +0800, HIH6130, 20.199890, 77.044678
2017-12-11 00:46:05 +0800, HIH6130, 20.199890, 77.030434
2017-12-11 00:46:35 +0800, HIH6130, 20.203247, 77.014160
2017-12-11 00:47:05 +0800, HIH6130, 20.209961, 77.016197
2017-12-11 00:47:35 +0800, HIH6130, 20.223389, 77.008057
2017-12-11 00:48:05 +0800, HIH6130, 20.226746, 77.008057
2017-12-11 00:48:35 +0800, HIH6130, 20.223389, 76.987709
2017-12-11 00:49:05 +0800, HIH6130, 20.230103, 76.995850
2017-12-11 00:49:35 +0800, HIH6130, 20.233459, 77.001953
2017-12-11 00:50:05 +0800, HIH6130, 20.243530, 77.001953
2017-12-11 00:50:35 +0800, HIH6130, 20.243530, 77.001953
2017-12-11 00:51:05 +0800, HIH6130, 20.243530, 76.995850
2017-12-11 00:51:35 +0800, HIH6130, 20.263672, 76.977539
2017-12-11 00:52:05 +0800, HIH6130, 20.263672, 76.995850
2017-12-11 00:52:35 +0800, HIH6130, 20.270386, 76.983643
2017-12-11 00:53:05 +0800, HIH6130, 20.270386, 76.971436
2017-12-11 00:53:35 +0800, HIH6130, 20.273743, 76.995850
2017-12-11 00:54:05 +0800, HIH6130, 20.287170, 76.977539
2017-12-11 00:54:35 +0800, HIH6130, 20.287170, 76.977539
2017-12-11 00:55:05 +0800, HIH6130, 20.287170, 76.971436
2017-12-11 00:55:35 +0800, HIH6130, 20.287170, 76.971436
2017-12-11 00:56:05 +0800, HIH6130, 20.300598, 76.965332
2017-12-11 00:56:35 +0800, HIH6130, 20.303955, 76.959229
2017-12-11 00:57:05 +0800, HIH6130, 20.297241, 76.953125
2017-12-11 00:57:35 +0800, HIH6130, 20.303955, 76.959229
2017-12-11 00:58:05 +0800, HIH6130, 20.303955, 76.953125
2017-12-11 00:58:35 +0800, HIH6130, 20.307312, 76.947021
2017-12-11 00:59:05 +0800, HIH6130, 20.310669, 76.947021
2017-12-11 00:59:35 +0800, HIH6130, 20.317383, 76.959229
2017-12-11 01:00:05 +0800, HIH6130, 20.314026, 76.959229
2017-12-11 01:00:35 +0800, HIH6130, 20.320740, 76.947021
2017-12-11 01:01:05 +0800, HIH6130, 20.314026, 76.947021
2017-12-11 01:01:35 +0800, HIH6130, 20.320740, 76.947021
2017-12-11 01:02:05 +0800, HIH6130, 20.334167, 76.947021
2017-12-11 01:02:35 +0800, HIH6130, 20.330811, 76.942955
2017-12-11 01:03:05 +0800, HIH6130, 20.337524, 76.936852
2017-12-11 01:03:35 +0800, HIH6130, 20.340881, 76.940918
2017-12-11 01:04:05 +0800, HIH6130, 20.337524, 76.930748
2017-12-11 01:04:35 +0800, HIH6130, 20.344238, 76.928711
2017-12-11 01:05:05 +0800, HIH6130, 20.347595, 76.951088
2017-12-11 01:05:35 +0800, HIH6130, 20.347595, 76.934814
2017-12-11 01:06:05 +0800, HIH6130, 20.354309, 76.934814
2017-12-11 01:06:35 +0800, HIH6130, 20.357666, 76.932777
2017-12-11 01:07:05 +0800, HIH6130, 20.354309, 76.951088
2017-12-11 01:07:35 +0800, HIH6130, 20.367737, 76.928711
2017-12-11 01:08:05 +0800, HIH6130, 20.367737, 76.942955
2017-12-11 01:08:35 +0800, HIH6130, 20.374451, 76.920570
2017-12-11 01:09:05 +0800, HIH6130, 20.377808, 76.947021
2017-12-11 01:09:35 +0800, HIH6130, 20.381165, 76.912437
2017-12-11 01:10:05 +0800, HIH6130, 20.381165, 76.928711
2017-12-11 01:10:35 +0800, HIH6130, 20.384521, 76.920570
2017-12-11 01:11:05 +0800, HIH6130, 20.381165, 76.920570
2017-12-11 01:11:35 +0800, HIH6130, 20.397949, 76.920570
2017-12-11 01:12:05 +0800, HIH6130, 20.397949, 76.904297
2017-12-11 01:12:35 +0800, HIH6130, 20.404663, 76.912437
2017-12-11 01:13:05 +0800, HIH6130, 20.397949, 76.920570
2017-12-11 01:13:35 +0800, HIH6130, 20.404663, 76.912437
2017-12-11 01:14:05 +0800, HIH6130, 20.404663, 76.912437
2017-12-11 01:14:35 +0800, HIH6130, 20.411377, 76.928711
2017-12-11 01:15:05 +0800, HIH6130, 20.408020, 76.904297
2017-12-11 01:15:35 +0800, HIH6130, 20.421448, 76.892090
2017-12-11 01:16:05 +0800, HIH6130, 20.411377, 76.892090
2017-12-11 01:16:35 +0800, HIH6130, 20.421448, 76.885986
2017-12-11 01:17:05 +0800, HIH6130, 20.421448, 76.892090
2017-12-11 01:17:35 +0800, HIH6130, 20.424805, 76.912437
2017-12-11 01:18:05 +0800, HIH6130, 20.424805, 76.912437
2017-12-11 01:18:35 +0800, HIH6130, 20.424805, 76.877846
2017-12-11 01:19:05 +0800, HIH6130, 20.438232, 76.881920
2017-12-11 01:19:35 +0800, HIH6130, 20.438232, 76.890053
2017-12-11 01:20:05 +0800, HIH6130, 20.444946, 76.879883
2017-12-11 01:20:35 +0800, HIH6130, 20.444946, 76.900230
2017-12-11 01:21:05 +0800, HIH6130, 20.448303, 76.908363
2017-12-11 01:21:35 +0800, HIH6130, 20.461731, 76.892090
2017-12-11 01:22:05 +0800, HIH6130, 20.455017, 76.892090
2017-12-11 01:22:35 +0800, HIH6130, 20.455017, 76.873779
2017-12-11 01:23:05 +0800, HIH6130, 20.461731, 76.867676
2017-12-11 01:23:35 +0800, HIH6130, 20.461731, 76.873779
2017-12-11 01:24:05 +0800, HIH6130, 20.478516, 76.867676
2017-12-11 01:24:35 +0800, HIH6130, 20.475159, 76.867676
2017-12-11 01:25:05 +0800, HIH6130, 20.475159, 76.900230
2017-12-11 01:25:35 +0800, HIH6130, 20.475159, 76.894127
2017-12-11 01:26:05 +0800, HIH6130, 20.468445, 76.873779
2017-12-11 01:26:35 +0800, HIH6130, 20.478516, 76.873779
2017-12-11 01:27:05 +0800, HIH6130, 20.485229, 76.855469
2017-12-11 01:27:35 +0800, HIH6130, 20.485229, 76.867676
2017-12-11 01:28:05 +0800, HIH6130, 20.488586, 76.831055
2017-12-11 01:28:35 +0800, HIH6130, 20.491943, 76.859535
2017-12-11 01:29:05 +0800, HIH6130, 20.491943, 76.902260
2017-12-11 01:29:35 +0800, HIH6130, 20.502014, 76.888023
2017-12-11 01:30:05 +0800, HIH6130, 20.495300, 76.847328
2017-12-11 01:30:35 +0800, HIH6130, 20.502014, 76.839195
2017-12-11 01:31:05 +0800, HIH6130, 20.515442, 76.853432
2017-12-11 01:31:35 +0800, HIH6130, 20.515442, 76.839195
2017-12-11 01:32:05 +0800, HIH6130, 20.508728, 76.839195
2017-12-11 01:32:35 +0800, HIH6130, 20.508728, 76.845299
2017-12-11 01:33:05 +0800, HIH6130, 20.522156, 76.861572
2017-12-11 01:33:35 +0800, HIH6130, 20.515442, 76.831055
2017-12-11 01:34:05 +0800, HIH6130, 20.522156, 76.831055
2017-12-11 01:34:35 +0800, HIH6130, 20.518799, 76.853432
2017-12-11 01:35:05 +0800, HIH6130, 20.522156, 76.902260
2017-12-11 01:35:35 +0800, HIH6130, 20.525513, 76.867676
2017-12-11 01:36:05 +0800, HIH6130, 20.518799, 76.847328
2017-12-11 01:36:35 +0800, HIH6130, 20.528870, 76.853432
2017-12-11 01:37:05 +0800, HIH6130, 20.522156, 76.847328
2017-12-11 01:37:35 +0800, HIH6130, 20.525513, 76.867676
2017-12-11 01:38:05 +0800, HIH6130, 20.532227, 76.855469
2017-12-11 01:38:35 +0800, HIH6130, 20.532227, 76.853432
2017-12-11 01:39:05 +0800, HIH6130, 20.532227, 76.853432
2017-12-11 01:39:35 +0800, HIH6130, 20.542297, 76.851402
2017-12-11 01:40:05 +0800, HIH6130, 20.532227, 76.847328
2017-12-11 01:40:35 +0800, HIH6130, 20.535583, 76.879883
2017-12-11 01:41:05 +0800, HIH6130, 20.538940, 76.883949
2017-12-11 01:41:35 +0800, HIH6130, 20.542297, 76.863609
2017-12-11 01:42:05 +0800, HIH6130, 20.555725, 76.869713
2017-12-11 01:42:35 +0800, HIH6130, 20.555725, 76.849365
2017-12-11 01:43:05 +0800, HIH6130, 20.555725, 76.855469
2017-12-11 01:43:35 +0800, HIH6130, 20.555725, 76.869713
2017-12-11 01:44:05 +0800, HIH6130, 20.555725, 76.861572
2017-12-11 01:44:35 +0800, HIH6130, 20.559082, 76.906334
2017-12-11 01:45:05 +0800, HIH6130, 20.555725, 76.892090
2017-12-11 01:45:35 +0800, HIH6130, 20.562439, 76.885986
2017-12-11 01:46:05 +0800, HIH6130, 20.565796, 76.843262
2017-12-11 01:46:35 +0800, HIH6130, 20.579224, 76.837158
2017-12-11 01:47:05 +0800, HIH6130, 20.572510, 76.831055
2017-12-11 01:47:35 +0800, HIH6130, 20.579224, 76.831055
2017-12-11 01:48:05 +0800, HIH6130, 20.579224, 76.831055
2017-12-11 01:48:35 +0800, HIH6130, 20.585938, 76.812744
2017-12-11 01:49:05 +0800, HIH6130, 20.596008, 76.812744
2017-12-11 01:49:35 +0800, HIH6130, 20.589294, 76.800537
2017-12-11 01:50:05 +0800, HIH6130, 20.589294, 76.812744
2017-12-11 01:50:35 +0800, HIH6130, 20.592651, 76.831055
2017-12-11 01:51:05 +0800, HIH6130, 20.585938, 76.831055
2017-12-11 01:51:35 +0800, HIH6130, 20.592651, 76.855469
2017-12-11 01:52:05 +0800, HIH6130, 20.596008, 76.843262
2017-12-11 01:52:35 +0800, HIH6130, 20.596008, 76.806641
2017-12-11 01:53:05 +0800, HIH6130, 20.602722, 76.818848
2017-12-11 01:53:35 +0800, HIH6130, 20.602722, 76.818848
2017-12-11 01:54:05 +0800, HIH6130, 20.609436, 76.808678
2017-12-11 01:54:35 +0800, HIH6130, 20.612793, 76.798500
2017-12-11 01:55:05 +0800, HIH6130, 20.619507, 76.820885
2017-12-11 01:55:35 +0800, HIH6130, 20.606079, 76.849365
2017-12-11 01:56:05 +0800, HIH6130, 20.606079, 76.843262
2017-12-11 01:56:35 +0800, HIH6130, 20.619507, 76.806641
2017-12-11 01:57:05 +0800, HIH6130, 20.606079, 76.831055
2017-12-11 01:57:35 +0800, HIH6130, 20.619507, 76.843262
2017-12-11 01:58:05 +0800, HIH6130, 20.619507, 76.863609
2017-12-11 01:58:35 +0800, HIH6130, 20.619507, 76.818848
2017-12-11 01:59:05 +0800, HIH6130, 20.626221, 76.794434
2017-12-11 01:59:35 +0800, HIH6130, 20.626221, 76.814781
2017-12-11 02:00:05 +0800, HIH6130, 20.626221, 76.831055
2017-12-11 02:00:35 +0800, HIH6130, 20.629578, 76.839195
2017-12-11 02:01:05 +0800, HIH6130, 20.636292, 76.810707
2017-12-11 02:01:35 +0800, HIH6130, 20.629578, 76.810707
2017-12-11 02:02:05 +0800, HIH6130, 20.632935, 76.788330
2017-12-11 02:02:35 +0800, HIH6130, 20.636292, 76.788330
2017-12-11 02:03:05 +0800, HIH6130, 20.636292, 76.796471
2017-12-11 02:03:35 +0800, HIH6130, 20.643005, 76.798500
2017-12-11 02:04:05 +0800, HIH6130, 20.649719, 76.808678
2017-12-11 02:04:35 +0800, HIH6130, 20.649719, 76.776123
2017-12-11 02:05:05 +0800, HIH6130, 20.656433, 76.786293
2017-12-11 02:05:35 +0800, HIH6130, 20.649719, 76.802574
2017-12-11 02:06:05 +0800, HIH6130, 20.656433, 76.831055
2017-12-11 02:06:35 +0800, HIH6130, 20.656433, 76.837158
2017-12-11 02:07:05 +0800, HIH6130, 20.656433, 76.818848
2017-12-11 02:07:35 +0800, HIH6130, 20.659790, 76.794434
2017-12-11 02:08:05 +0800, HIH6130, 20.659790, 76.794434
2017-12-11 02:08:35 +0800, HIH6130, 20.663147, 76.877846
2017-12-11 02:09:05 +0800, HIH6130, 20.666504, 76.806641
2017-12-11 02:09:35 +0800, HIH6130, 20.669861, 76.788330
2017-12-11 02:10:05 +0800, HIH6130, 20.669861, 76.788330
2017-12-11 02:10:35 +0800, HIH6130, 20.666504, 76.794434
2017-12-11 02:11:05 +0800, HIH6130, 20.673218, 76.818848
2017-12-11 02:11:35 +0800, HIH6130, 20.673218, 76.818848
2017-12-11 02:12:05 +0800, HIH6130, 20.676575, 76.824951
2017-12-11 02:12:35 +0800, HIH6130, 20.676575, 76.812744
2017-12-11 02:13:05 +0800, HIH6130, 20.690002, 76.806641
2017-12-11 02:13:35 +0800, HIH6130, 20.683289, 76.822914
2017-12-11 02:14:05 +0800, HIH6130, 20.676575, 76.837158
2017-12-11 02:14:35 +0800, HIH6130, 20.696716, 76.806641
2017-12-11 02:15:05 +0800, HIH6130, 20.696716, 76.806641
2017-12-11 02:15:35 +0800, HIH6130, 20.696716, 76.806641
2017-12-11 02:16:05 +0800, HIH6130, 20.690002, 76.794434
2017-12-11 02:16:35 +0800, HIH6130, 20.696716, 76.851402
2017-12-11 02:17:05 +0800, HIH6130, 20.696716, 76.824951
2017-12-11 02:17:35 +0800, HIH6130, 20.703430, 76.772057
2017-12-11 02:18:05 +0800, HIH6130, 20.706787, 76.788330
2017-12-11 02:18:35 +0800, HIH6130, 20.703430, 76.780190
2017-12-11 02:19:05 +0800, HIH6130, 20.706787, 76.751709
2017-12-11 02:19:35 +0800, HIH6130, 20.706787, 76.759850
2017-12-11 02:20:05 +0800, HIH6130, 20.706787, 76.794434
2017-12-11 02:20:35 +0800, HIH6130, 20.706787, 76.759850
2017-12-11 02:21:05 +0800, HIH6130, 20.713501, 76.757812
2017-12-11 02:21:35 +0800, HIH6130, 20.706787, 76.751709
2017-12-11 02:22:06 +0800, HIH6130, 20.706787, 76.765953
2017-12-11 02:22:36 +0800, HIH6130, 20.706787, 76.763916
2017-12-11 02:23:06 +0800, HIH6130, 20.720215, 76.800537
2017-12-11 02:23:36 +0800, HIH6130, 20.713501, 76.780190
2017-12-11 02:24:06 +0800, HIH6130, 20.726929, 76.786293
2017-12-11 02:24:36 +0800, HIH6130, 20.726929, 76.763916
2017-12-11 02:25:06 +0800, HIH6130, 20.720215, 76.772057
2017-12-11 02:25:36 +0800, HIH6130, 20.720215, 76.774086
2017-12-11 02:26:06 +0800, HIH6130, 20.723572, 76.751709
2017-12-11 02:26:36 +0800, HIH6130, 20.720215, 76.745605
2017-12-11 02:27:06 +0800, HIH6130, 20.726929, 76.786293
2017-12-11 02:27:36 +0800, HIH6130, 20.730286, 76.786293
2017-12-11 02:28:06 +0800, HIH6130, 20.726929, 76.757812
2017-12-11 02:28:36 +0800, HIH6130, 20.737000, 76.743568
2017-12-11 02:29:06 +0800, HIH6130, 20.733643, 76.751709
2017-12-11 02:29:36 +0800, HIH6130, 20.737000, 76.743568
2017-12-11 02:30:06 +0800, HIH6130, 20.737000, 76.831055
2017-12-11 02:30:36 +0800, HIH6130, 20.737000, 76.778160
2017-12-11 02:31:06 +0800, HIH6130, 20.737000, 76.765953
2017-12-11 02:31:36 +0800, HIH6130, 20.737000, 76.757812
2017-12-11 02:32:06 +0800, HIH6130, 20.743713, 76.729332
2017-12-11 02:32:36 +0800, HIH6130, 20.747070, 76.739502
2017-12-11 02:33:06 +0800, HIH6130, 20.743713, 76.751709
2017-12-11 02:33:36 +0800, HIH6130, 20.747070, 76.767982
2017-12-11 02:34:06 +0800, HIH6130, 20.747070, 76.796471
2017-12-11 02:34:36 +0800, HIH6130, 20.753784, 76.745605
2017-12-11 02:35:06 +0800, HIH6130, 20.747070, 76.753746
2017-12-11 02:35:36 +0800, HIH6130, 20.753784, 76.774086
2017-12-11 02:36:06 +0800, HIH6130, 20.763855, 76.745605
2017-12-11 02:36:36 +0800, HIH6130, 20.767212, 76.751709
2017-12-11 02:37:06 +0800, HIH6130, 20.767212, 76.753746
2017-12-11 02:37:36 +0800, HIH6130, 20.770569, 76.747643
2017-12-11 02:38:06 +0800, HIH6130, 20.773926, 76.739502
2017-12-11 02:38:36 +0800, HIH6130, 20.780640, 76.753746
2017-12-11 02:39:06 +0800, HIH6130, 20.777283, 76.704918
2017-12-11 02:39:36 +0800, HIH6130, 20.780640, 76.694740
2017-12-11 02:40:06 +0800, HIH6130, 20.777283, 76.698814
2017-12-11 02:40:36 +0800, HIH6130, 20.780640, 76.698814
2017-12-11 02:41:06 +0800, HIH6130, 20.780640, 76.715088
2017-12-11 02:41:36 +0800, HIH6130, 20.777283, 76.727295
2017-12-11 02:42:06 +0800, HIH6130, 20.780640, 76.733398
2017-12-11 02:42:37 +0800, HIH6130, 20.777283, 76.727295
2017-12-11 02:43:07 +0800, HIH6130, 20.780640, 76.706947
2017-12-11 02:43:37 +0800, HIH6130, 20.783997, 76.704918
2017-12-11 02:44:07 +0800, HIH6130, 20.780640, 76.706947
2017-12-11 02:44:37 +0800, HIH6130, 20.780640, 76.727295
2017-12-11 02:45:07 +0800, HIH6130, 20.780640, 76.786293
2017-12-11 02:45:37 +0800, HIH6130, 20.777283, 76.745605
2017-12-11 02:46:07 +0800, HIH6130, 20.787354, 76.721191
2017-12-11 02:46:37 +0800, HIH6130, 20.780640, 76.739502
2017-12-11 02:47:07 +0800, HIH6130, 20.783997, 76.727295
2017-12-11 02:47:37 +0800, HIH6130, 20.783997, 76.733398
2017-12-11 02:48:07 +0800, HIH6130, 20.794067, 76.733398
2017-12-11 02:48:37 +0800, HIH6130, 20.787354, 76.704918
2017-12-11 02:49:07 +0800, HIH6130, 20.794067, 76.690674
2017-12-11 02:49:37 +0800, HIH6130, 20.800781, 76.706947
2017-12-11 02:50:07 +0800, HIH6130, 20.800781, 76.686607
2017-12-11 02:50:37 +0800, HIH6130, 20.800781, 76.694740
2017-12-11 02:51:07 +0800, HIH6130, 20.807495, 76.686607
2017-12-11 02:51:37 +0800, HIH6130, 20.787354, 76.686607
2017-12-11 02:52:07 +0800, HIH6130, 20.800781, 76.690674
2017-12-11 02:52:37 +0800, HIH6130, 20.787354, 76.704918
2017-12-11 02:53:07 +0800, HIH6130, 20.807495, 76.715088
2017-12-11 02:53:37 +0800, HIH6130, 20.814209, 76.678467
2017-12-11 02:54:07 +0800, HIH6130, 20.817566, 76.682533
2017-12-11 02:54:37 +0800, HIH6130, 20.817566, 76.654053
2017-12-11 02:55:07 +0800, HIH6130, 20.817566, 76.662193
2017-12-11 02:55:37 +0800, HIH6130, 20.817566, 76.666260
2017-12-11 02:56:07 +0800, HIH6130, 20.814209, 76.690674
2017-12-11 02:56:37 +0800, HIH6130, 20.820923, 76.686607
2017-12-11 02:57:07 +0800, HIH6130, 20.824280, 76.670326
2017-12-11 02:57:37 +0800, HIH6130, 20.830994, 76.647949
2017-12-11 02:58:07 +0800, HIH6130, 20.830994, 76.678467
2017-12-11 02:58:37 +0800, HIH6130, 20.837708, 76.647949
2017-12-11 02:59:07 +0800, HIH6130, 20.830994, 76.641846
2017-12-11 02:59:37 +0800, HIH6130, 20.844421, 76.647949
2017-12-11 03:00:07 +0800, HIH6130, 20.830994, 76.654053
2017-12-11 03:00:37 +0800, HIH6130, 20.830994, 76.674400
2017-12-11 03:01:07 +0800, HIH6130, 20.837708, 76.686607
2017-12-11 03:01:37 +0800, HIH6130, 20.837708, 76.670326
2017-12-11 03:02:07 +0800, HIH6130, 20.837708, 76.682533
2017-12-11 03:02:37 +0800, HIH6130, 20.837708, 76.666260
2017-12-11 03:03:07 +0800, HIH6130, 20.834351, 76.662193
2017-12-11 03:03:37 +0800, HIH6130, 20.837708, 76.686607
2017-12-11 03:04:07 +0800, HIH6130, 20.841064, 76.682533
2017-12-11 03:04:37 +0800, HIH6130, 20.837708, 76.686607
2017-12-11 03:05:07 +0800, HIH6130, 20.844421, 76.662193
2017-12-11 03:05:37 +0800, HIH6130, 20.841064, 76.662193
2017-12-11 03:06:07 +0800, HIH6130, 20.847778, 76.682533
2017-12-11 03:06:37 +0800, HIH6130, 20.844421, 76.654053
2017-12-11 03:07:07 +0800, HIH6130, 20.847778, 76.670326
2017-12-11 03:07:37 +0800, HIH6130, 20.841064, 76.670326
2017-12-11 03:08:07 +0800, HIH6130, 20.847778, 76.678467
2017-12-11 03:08:37 +0800, HIH6130, 20.847778, 76.662193
2017-12-11 03:09:07 +0800, HIH6130, 20.847778, 76.686607
2017-12-11 03:09:37 +0800, HIH6130, 20.847778, 76.662193
2017-12-11 03:10:07 +0800, HIH6130, 20.851135, 76.664223
2017-12-11 03:10:37 +0800, HIH6130, 20.847778, 76.662193
2017-12-11 03:11:07 +0800, HIH6130, 20.847778, 76.682533
2017-12-11 03:11:37 +0800, HIH6130, 20.851135, 76.704918
2017-12-11 03:12:07 +0800, HIH6130, 20.857849, 76.696777
2017-12-11 03:12:37 +0800, HIH6130, 20.857849, 76.708984
2017-12-11 03:13:07 +0800, HIH6130, 20.857849, 76.678467
2017-12-11 03:13:37 +0800, HIH6130, 20.857849, 76.658119
2017-12-11 03:14:07 +0800, HIH6130, 20.857849, 76.658119
2017-12-11 03:14:37 +0800, HIH6130, 20.857849, 76.690674
2017-12-11 03:15:07 +0800, HIH6130, 20.861206, 76.713051
2017-12-11 03:15:37 +0800, HIH6130, 20.877991, 76.672363
2017-12-11 03:16:07 +0800, HIH6130, 20.857849, 76.672363
2017-12-11 03:16:37 +0800, HIH6130, 20.871277, 76.684570
2017-12-11 03:17:07 +0800, HIH6130, 20.864563, 76.696777
2017-12-11 03:17:37 +0800, HIH6130, 20.877991, 76.672363
2017-12-11 03:18:07 +0800, HIH6130, 20.864563, 76.649986
2017-12-11 03:18:37 +0800, HIH6130, 20.881348, 76.684570
2017-12-11 03:19:07 +0800, HIH6130, 20.877991, 76.678467
2017-12-11 03:19:37 +0800, HIH6130, 20.881348, 76.672363
2017-12-11 03:20:07 +0800, HIH6130, 20.877991, 76.676430
2017-12-11 03:20:37 +0800, HIH6130, 20.877991, 76.658119
2017-12-11 03:21:07 +0800, HIH6130, 20.884705, 76.649986
2017-12-11 03:21:37 +0800, HIH6130, 20.884705, 76.656090
2017-12-11 03:22:07 +0800, HIH6130, 20.881348, 76.678467
2017-12-11 03:22:37 +0800, HIH6130, 20.884705, 76.649986
2017-12-11 03:23:07 +0800, HIH6130, 20.881348, 76.656090
2017-12-11 03:23:37 +0800, HIH6130, 20.877991, 76.641846
2017-12-11 03:24:07 +0800, HIH6130, 20.888062, 76.649986
2017-12-11 03:24:37 +0800, HIH6130, 20.884705, 76.623535
2017-12-11 03:25:07 +0800, HIH6130, 20.888062, 76.635742
2017-12-11 03:25:37 +0800, HIH6130, 20.891418, 76.666260
2017-12-11 03:26:07 +0800, HIH6130, 20.888062, 76.629639
2017-12-11 03:26:37 +0800, HIH6130, 20.888062, 76.658119
2017-12-11 03:27:07 +0800, HIH6130, 20.888062, 76.629639
2017-12-11 03:27:37 +0800, HIH6130, 20.888062, 76.623535
2017-12-11 03:28:07 +0800, HIH6130, 20.894775, 76.641846
2017-12-11 03:28:37 +0800, HIH6130, 20.894775, 76.617432
2017-12-11 03:29:07 +0800, HIH6130, 20.894775, 76.649986
2017-12-11 03:29:37 +0800, HIH6130, 20.908203, 76.643883
2017-12-11 03:30:07 +0800, HIH6130, 20.908203, 76.635742
2017-12-11 03:30:37 +0800, HIH6130, 20.908203, 76.617432
2017-12-11 03:31:07 +0800, HIH6130, 20.901489, 76.623535
2017-12-11 03:31:37 +0800, HIH6130, 20.901489, 76.617432
2017-12-11 03:32:07 +0800, HIH6130, 20.908203, 76.637779
2017-12-11 03:32:37 +0800, HIH6130, 20.908203, 76.664223
2017-12-11 03:33:07 +0800, HIH6130, 20.908203, 76.637779
2017-12-11 03:33:37 +0800, HIH6130, 20.911560, 76.635742
2017-12-11 03:34:07 +0800, HIH6130, 20.908203, 76.611328
2017-12-11 03:34:37 +0800, HIH6130, 20.898132, 76.605225
2017-12-11 03:35:07 +0800, HIH6130, 20.904846, 76.617432
2017-12-11 03:35:37 +0800, HIH6130, 20.901489, 76.609291
2017-12-11 03:36:07 +0800, HIH6130, 20.908203, 76.629639
2017-12-11 03:36:37 +0800, HIH6130, 20.908203, 76.623535
2017-12-11 03:37:07 +0800, HIH6130, 20.914917, 76.611328
2017-12-11 03:37:37 +0800, HIH6130, 20.914917, 76.635742
2017-12-11 03:38:07 +0800, HIH6130, 20.921631, 76.611328
2017-12-11 03:38:37 +0800, HIH6130, 20.921631, 76.603188
2017-12-11 03:39:07 +0800, HIH6130, 20.921631, 76.623535
2017-12-11 03:39:37 +0800, HIH6130, 20.928345, 76.611328
2017-12-11 03:40:07 +0800, HIH6130, 20.921631, 76.580811
2017-12-11 03:40:37 +0800, HIH6130, 20.924988, 76.562500
2017-12-11 03:41:07 +0800, HIH6130, 20.928345, 76.580811
2017-12-11 03:41:37 +0800, HIH6130, 20.918274, 76.574707
2017-12-11 03:42:07 +0800, HIH6130, 20.918274, 76.568604
2017-12-11 03:42:37 +0800, HIH6130, 20.921631, 76.568604
2017-12-11 03:43:07 +0800, HIH6130, 20.924988, 76.574707
2017-12-11 03:43:37 +0800, HIH6130, 20.924988, 76.580811
2017-12-11 03:44:07 +0800, HIH6130, 20.924988, 76.574707
2017-12-11 03:44:37 +0800, HIH6130, 20.928345, 76.574707
2017-12-11 03:45:07 +0800, HIH6130, 20.921631, 76.574707
2017-12-11 03:45:37 +0800, HIH6130, 20.928345, 76.597084
2017-12-11 03:46:07 +0800, HIH6130, 20.928345, 76.597084
2017-12-11 03:46:37 +0800, HIH6130, 20.935059, 76.568604
2017-12-11 03:47:07 +0800, HIH6130, 20.935059, 76.574707
2017-12-11 03:47:37 +0800, HIH6130, 20.935059, 76.574707
2017-12-11 03:48:07 +0800, HIH6130, 20.935059, 76.574707
2017-12-11 03:48:37 +0800, HIH6130, 20.938416, 76.556396
2017-12-11 03:49:07 +0800, HIH6130, 20.948486, 76.574707
2017-12-11 03:49:37 +0800, HIH6130, 20.928345, 76.568604
2017-12-11 03:50:07 +0800, HIH6130, 20.935059, 76.568604
2017-12-11 03:50:37 +0800, HIH6130, 20.941772, 76.597084
2017-12-11 03:51:07 +0800, HIH6130, 20.948486, 76.597084
2017-12-11 03:51:37 +0800, HIH6130, 20.951843, 76.558434
2017-12-11 03:52:07 +0800, HIH6130, 20.948486, 76.544189
2017-12-11 03:52:37 +0800, HIH6130, 20.948486, 76.544189
2017-12-11 03:53:07 +0800, HIH6130, 20.948486, 76.544189
2017-12-11 03:53:37 +0800, HIH6130, 20.948486, 76.544189
2017-12-11 03:54:07 +0800, HIH6130, 20.948486, 76.501465
2017-12-11 03:54:37 +0800, HIH6130, 20.948486, 76.538086
2017-12-11 03:55:07 +0800, HIH6130, 20.951843, 76.540123
2017-12-11 03:55:37 +0800, HIH6130, 20.955200, 76.542152
2017-12-11 03:56:07 +0800, HIH6130, 20.955200, 76.548256
2017-12-11 03:56:37 +0800, HIH6130, 20.955200, 76.550293
2017-12-11 03:57:07 +0800, HIH6130, 20.948486, 76.538086
2017-12-11 03:57:37 +0800, HIH6130, 20.955200, 76.556396
2017-12-11 03:58:07 +0800, HIH6130, 20.958557, 76.542152
2017-12-11 03:58:37 +0800, HIH6130, 20.955200, 76.548256
2017-12-11 03:59:07 +0800, HIH6130, 20.948486, 76.538086
2017-12-11 03:59:37 +0800, HIH6130, 20.958557, 76.542152
2017-12-11 04:00:07 +0800, HIH6130, 20.958557, 76.538086
2017-12-11 04:00:37 +0800, HIH6130, 20.958557, 76.542152
2017-12-11 04:01:07 +0800, HIH6130, 20.955200, 76.540123
2017-12-11 04:01:37 +0800, HIH6130, 20.955200, 76.548256
2017-12-11 04:02:07 +0800, HIH6130, 20.958557, 76.546227
2017-12-11 04:02:37 +0800, HIH6130, 20.958557, 76.546227
2017-12-11 04:03:07 +0800, HIH6130, 20.961914, 76.550293
2017-12-11 04:03:37 +0800, HIH6130, 20.968628, 76.546227
2017-12-11 04:04:07 +0800, HIH6130, 20.965271, 76.546227
2017-12-11 04:04:37 +0800, HIH6130, 20.968628, 76.538086
2017-12-11 04:05:07 +0800, HIH6130, 20.965271, 76.542152
2017-12-11 04:05:37 +0800, HIH6130, 20.965271, 76.534019
2017-12-11 04:06:07 +0800, HIH6130, 20.975342, 76.538086
2017-12-11 04:06:37 +0800, HIH6130, 20.968628, 76.521812
2017-12-11 04:07:07 +0800, HIH6130, 20.965271, 76.538086
2017-12-11 04:07:37 +0800, HIH6130, 20.961914, 76.538086
2017-12-11 04:08:07 +0800, HIH6130, 20.968628, 76.529945
2017-12-11 04:08:37 +0800, HIH6130, 20.968628, 76.513672
2017-12-11 04:09:07 +0800, HIH6130, 20.968628, 76.525879
2017-12-11 04:09:37 +0800, HIH6130, 20.968628, 76.515709
2017-12-11 04:10:07 +0800, HIH6130, 20.975342, 76.507568
2017-12-11 04:10:37 +0800, HIH6130, 20.968628, 76.507568
2017-12-11 04:11:07 +0800, HIH6130, 20.968628, 76.495361
2017-12-11 04:11:37 +0800, HIH6130, 20.968628, 76.470947
2017-12-11 04:12:07 +0800, HIH6130, 20.968628, 76.501465
2017-12-11 04:12:37 +0800, HIH6130, 20.975342, 76.515709
2017-12-11 04:13:07 +0800, HIH6130, 20.975342, 76.487221
2017-12-11 04:13:37 +0800, HIH6130, 20.982056, 76.501465
2017-12-11 04:14:07 +0800, HIH6130, 20.982056, 76.495361
2017-12-11 04:14:37 +0800, HIH6130, 20.988770, 76.470947
2017-12-11 04:15:07 +0800, HIH6130, 20.988770, 76.464844
2017-12-11 04:15:37 +0800, HIH6130, 20.982056, 76.493324
2017-12-11 04:16:07 +0800, HIH6130, 20.988770, 76.487221
2017-12-11 04:16:37 +0800, HIH6130, 20.988770, 76.470947
2017-12-11 04:17:07 +0800, HIH6130, 20.992126, 76.475014
2017-12-11 04:17:37 +0800, HIH6130, 20.988770, 76.458740
2017-12-11 04:18:07 +0800, HIH6130, 20.988770, 76.432289
2017-12-11 04:18:37 +0800, HIH6130, 20.988770, 76.464844
2017-12-11 04:19:07 +0800, HIH6130, 20.998840, 76.456703
2017-12-11 04:19:37 +0800, HIH6130, 20.992126, 76.448570
2017-12-11 04:20:07 +0800, HIH6130, 20.998840, 76.440430
2017-12-11 04:20:37 +0800, HIH6130, 20.995483, 76.444496
2017-12-11 04:21:07 +0800, HIH6130, 20.995483, 76.444496
2017-12-11 04:21:37 +0800, HIH6130, 20.995483, 76.458740
2017-12-11 04:22:07 +0800, HIH6130, 20.992126, 76.462807
2017-12-11 04:22:37 +0800, HIH6130, 20.992126, 76.448570
2017-12-11 04:23:07 +0800, HIH6130, 20.998840, 76.456703
2017-12-11 04:23:37 +0800, HIH6130, 20.995483, 76.466881
2017-12-11 04:24:07 +0800, HIH6130, 20.998840, 76.456703
2017-12-11 04:24:37 +0800, HIH6130, 20.998840, 76.470947
2017-12-11 04:25:07 +0800, HIH6130, 20.998840, 76.464844
2017-12-11 04:25:37 +0800, HIH6130, 20.998840, 76.464844
2017-12-11 04:26:07 +0800, HIH6130, 21.002197, 76.458740
2017-12-11 04:26:37 +0800, HIH6130, 20.998840, 76.456703
2017-12-11 04:27:07 +0800, HIH6130, 20.995483, 76.444496
2017-12-11 04:27:37 +0800, HIH6130, 20.998840, 76.477051
2017-12-11 04:28:07 +0800, HIH6130, 20.998840, 76.464844
2017-12-11 04:28:37 +0800, HIH6130, 20.998840, 76.464844
2017-12-11 04:29:07 +0800, HIH6130, 20.998840, 76.470947
2017-12-11 04:29:37 +0800, HIH6130, 21.005554, 76.464844
2017-12-11 04:30:07 +0800, HIH6130, 20.998840, 76.464844
2017-12-11 04:30:37 +0800, HIH6130, 20.998840, 76.440430
2017-12-11 04:31:07 +0800, HIH6130, 20.998840, 76.428223
2017-12-11 04:31:37 +0800, HIH6130, 20.998840, 76.426186
2017-12-11 04:32:07 +0800, HIH6130, 20.971985, 76.450600
2017-12-11 04:32:37 +0800, HIH6130, 20.961914, 76.458740
2017-12-11 04:33:07 +0800, HIH6130, 20.955200, 76.475014
2017-12-11 04:33:37 +0800, HIH6130, 20.935059, 76.495361
2017-12-11 04:34:07 +0800, HIH6130, 20.928345, 76.517738
2017-12-11 04:34:37 +0800, HIH6130, 20.918274, 76.503502
2017-12-11 04:35:07 +0800, HIH6130, 20.911560, 76.517738
2017-12-11 04:35:37 +0800, HIH6130, 20.888062, 76.509605
2017-12-11 04:36:07 +0800, HIH6130, 20.871277, 76.538086
2017-12-11 04:36:37 +0800, HIH6130, 20.877991, 76.517738
2017-12-11 04:37:07 +0800, HIH6130, 20.857849, 76.550293
2017-12-11 04:37:37 +0800, HIH6130, 20.851135, 76.525879
2017-12-11 04:38:07 +0800, HIH6130, 20.844421, 76.542152
2017-12-11 04:38:37 +0800, HIH6130, 20.830994, 76.546227
2017-12-11 04:39:07 +0800, HIH6130, 20.824280, 76.538086
2017-12-11 04:39:37 +0800, HIH6130, 20.817566, 76.529945
2017-12-11 04:40:07 +0800, HIH6130, 20.807495, 76.542152
2017-12-11 04:40:37 +0800, HIH6130, 20.800781, 76.521812
2017-12-11 04:41:07 +0800, HIH6130, 20.787354, 76.529945
2017-12-11 04:41:38 +0800, HIH6130, 20.783997, 76.538086
2017-12-11 04:42:08 +0800, HIH6130, 20.777283, 76.542152
2017-12-11 04:42:38 +0800, HIH6130, 20.773926, 76.538086
2017-12-11 04:43:08 +0800, HIH6130, 20.767212, 76.538086
2017-12-11 04:43:38 +0800, HIH6130, 20.760498, 76.550293
2017-12-11 04:44:08 +0800, HIH6130, 20.760498, 76.550293
2017-12-11 04:44:38 +0800, HIH6130, 20.743713, 76.548256
2017-12-11 04:45:08 +0800, HIH6130, 20.740356, 76.558434
2017-12-11 04:45:38 +0800, HIH6130, 20.733643, 76.562500
2017-12-11 04:46:08 +0800, HIH6130, 20.733643, 76.562500
2017-12-11 04:46:38 +0800, HIH6130, 20.733643, 76.574707
2017-12-11 04:47:08 +0800, HIH6130, 20.730286, 76.580811
2017-12-11 04:47:38 +0800, HIH6130, 20.726929, 76.588951
2017-12-11 04:48:08 +0800, HIH6130, 20.726929, 76.605225
2017-12-11 04:48:38 +0800, HIH6130, 20.706787, 76.605225
2017-12-11 04:49:08 +0800, HIH6130, 20.713501, 76.605225
2017-12-11 04:49:38 +0800, HIH6130, 20.706787, 76.623535
2017-12-11 04:50:08 +0800, HIH6130, 20.703430, 76.623535
2017-12-11 04:50:38 +0800, HIH6130, 20.700073, 76.623535
2017-12-11 04:51:08 +0800, HIH6130, 20.696716, 76.623535
2017-12-11 04:51:38 +0800, HIH6130, 20.696716, 76.641846
2017-12-11 04:52:08 +0800, HIH6130, 20.690002, 76.635742
2017-12-11 04:52:38 +0800, HIH6130, 20.683289, 76.641846
2017-12-11 04:53:08 +0800, HIH6130, 20.683289, 76.641846
2017-12-11 04:53:38 +0800, HIH6130, 20.676575, 76.658119
2017-12-11 04:54:08 +0800, HIH6130, 20.673218, 76.666260
2017-12-11 04:54:38 +0800, HIH6130, 20.673218, 76.666260
2017-12-11 04:55:08 +0800, HIH6130, 20.663147, 76.666260
2017-12-11 04:55:38 +0800, HIH6130, 20.663147, 76.684570
2017-12-11 04:56:08 +0800, HIH6130, 20.656433, 76.684570
2017-12-11 04:56:38 +0800, HIH6130, 20.659790, 76.684570
2017-12-11 04:57:08 +0800, HIH6130, 20.659790, 76.690674
2017-12-11 04:57:38 +0800, HIH6130, 20.659790, 76.696777
2017-12-11 04:58:08 +0800, HIH6130, 20.656433, 76.696777
2017-12-11 04:58:38 +0800, HIH6130, 20.656433, 76.702881
2017-12-11 04:59:08 +0800, HIH6130, 20.643005, 76.708984
2017-12-11 04:59:38 +0800, HIH6130, 20.636292, 76.706947
2017-12-11 05:00:08 +0800, HIH6130, 20.632935, 76.715088
2017-12-11 05:00:38 +0800, HIH6130, 20.636292, 76.715088
2017-12-11 05:01:08 +0800, HIH6130, 20.632935, 76.715088
2017-12-11 05:01:38 +0800, HIH6130, 20.626221, 76.715088
2017-12-11 05:02:08 +0800, HIH6130, 20.626221, 76.727295
2017-12-11 05:02:38 +0800, HIH6130, 20.626221, 76.733398
2017-12-11 05:03:08 +0800, HIH6130, 20.619507, 76.737465
2017-12-11 05:03:38 +0800, HIH6130, 20.626221, 76.733398
2017-12-11 05:04:08 +0800, HIH6130, 20.612793, 76.741539
2017-12-11 05:04:38 +0800, HIH6130, 20.626221, 76.739502
2017-12-11 05:05:08 +0800, HIH6130, 20.612793, 76.753746
2017-12-11 05:05:38 +0800, HIH6130, 20.602722, 76.757812
2017-12-11 05:06:08 +0800, HIH6130, 20.606079, 76.763916
2017-12-11 05:06:38 +0800, HIH6130, 20.606079, 76.763916
2017-12-11 05:07:08 +0800, HIH6130, 20.602722, 76.763916
2017-12-11 05:07:38 +0800, HIH6130, 20.599365, 76.763916
2017-12-11 05:08:08 +0800, HIH6130, 20.596008, 76.763916
2017-12-11 05:08:38 +0800, HIH6130, 20.596008, 76.763916
2017-12-11 05:09:08 +0800, HIH6130, 20.589294, 76.772057
2017-12-11 05:09:38 +0800, HIH6130, 20.589294, 76.788330
2017-12-11 05:10:08 +0800, HIH6130, 20.585938, 76.788330
2017-12-11 05:10:38 +0800, HIH6130, 20.579224, 76.788330
2017-12-11 05:11:08 +0800, HIH6130, 20.585938, 76.788330
2017-12-11 05:11:38 +0800, HIH6130, 20.585938, 76.788330
2017-12-11 05:12:08 +0800, HIH6130, 20.579224, 76.794434
2017-12-11 05:12:38 +0800, HIH6130, 20.572510, 76.800537
2017-12-11 05:13:08 +0800, HIH6130, 20.579224, 76.806641
2017-12-11 05:13:38 +0800, HIH6130, 20.565796, 76.806641
2017-12-11 05:14:08 +0800, HIH6130, 20.565796, 76.806641
2017-12-11 05:14:38 +0800, HIH6130, 20.565796, 76.806641
2017-12-11 05:15:08 +0800, HIH6130, 20.565796, 76.806641
2017-12-11 05:15:38 +0800, HIH6130, 20.562439, 76.818848
2017-12-11 05:16:08 +0800, HIH6130, 20.559082, 76.824951
2017-12-11 05:16:38 +0800, HIH6130, 20.555725, 76.824951
2017-12-11 05:17:08 +0800, HIH6130, 20.555725, 76.824951
2017-12-11 05:17:38 +0800, HIH6130, 20.559082, 76.824951
2017-12-11 05:18:08 +0800, HIH6130, 20.535583, 76.822914
2017-12-11 05:18:38 +0800, HIH6130, 20.542297, 76.831055
2017-12-11 05:19:08 +0800, HIH6130, 20.542297, 76.829018
2017-12-11 05:19:38 +0800, HIH6130, 20.535583, 76.831055
2017-12-11 05:20:08 +0800, HIH6130, 20.535583, 76.831055
2017-12-11 05:20:38 +0800, HIH6130, 20.535583, 76.831055
2017-12-11 05:21:08 +0800, HIH6130, 20.532227, 76.831055
2017-12-11 05:21:38 +0800, HIH6130, 20.525513, 76.831055
2017-12-11 05:22:08 +0800, HIH6130, 20.525513, 76.831055
2017-12-11 05:22:38 +0800, HIH6130, 20.528870, 76.831055
2017-12-11 05:23:08 +0800, HIH6130, 20.522156, 76.831055
2017-12-11 05:23:38 +0800, HIH6130, 20.522156, 76.831055
2017-12-11 05:24:08 +0800, HIH6130, 20.525513, 76.831055
2017-12-11 05:24:38 +0800, HIH6130, 20.518799, 76.839195
2017-12-11 05:25:08 +0800, HIH6130, 20.518799, 76.831055
2017-12-11 05:25:38 +0800, HIH6130, 20.515442, 76.855469
2017-12-11 05:26:08 +0800, HIH6130, 20.515442, 76.855469
2017-12-11 05:26:38 +0800, HIH6130, 20.508728, 76.855469
2017-12-11 05:27:08 +0800, HIH6130, 20.502014, 76.855469
2017-12-11 05:27:38 +0800, HIH6130, 20.508728, 76.855469
2017-12-11 05:28:08 +0800, HIH6130, 20.502014, 76.855469
2017-12-11 05:28:38 +0800, HIH6130, 20.508728, 76.861572
2017-12-11 05:29:08 +0800, HIH6130, 20.495300, 76.873779
2017-12-11 05:29:38 +0800, HIH6130, 20.495300, 76.873779
2017-12-11 05:30:08 +0800, HIH6130, 20.488586, 76.873779
2017-12-11 05:30:38 +0800, HIH6130, 20.488586, 76.873779
2017-12-11 05:31:08 +0800, HIH6130, 20.491943, 76.873779
2017-12-11 05:31:38 +0800, HIH6130, 20.488586, 76.873779
2017-12-11 05:32:08 +0800, HIH6130, 20.488586, 76.873779
2017-12-11 05:32:38 +0800, HIH6130, 20.488586, 76.879883
2017-12-11 05:33:08 +0800, HIH6130, 20.488586, 76.885986
2017-12-11 05:33:38 +0800, HIH6130, 20.485229, 76.892090
2017-12-11 05:34:08 +0800, HIH6130, 20.485229, 76.879883
2017-12-11 05:34:38 +0800, HIH6130, 20.485229, 76.892090
2017-12-11 05:35:08 +0800, HIH6130, 20.485229, 76.892090
2017-12-11 05:35:38 +0800, HIH6130, 20.481873, 76.892090
2017-12-11 05:36:08 +0800, HIH6130, 20.475159, 76.892090
2017-12-11 05:36:38 +0800, HIH6130, 20.475159, 76.892090
2017-12-11 05:37:08 +0800, HIH6130, 20.475159, 76.892090
2017-12-11 05:37:38 +0800, HIH6130, 20.471802, 76.892090
2017-12-11 05:38:08 +0800, HIH6130, 20.475159, 76.892090
2017-12-11 05:38:38 +0800, HIH6130, 20.475159, 76.900230
2017-12-11 05:39:08 +0800, HIH6130, 20.475159, 76.908363
2017-12-11 05:39:38 +0800, HIH6130, 20.475159, 76.900230
2017-12-11 05:40:08 +0800, HIH6130, 20.461731, 76.916504
2017-12-11 05:40:38 +0800, HIH6130, 20.461731, 76.916504
2017-12-11 05:41:08 +0800, HIH6130, 20.461731, 76.916504
2017-12-11 05:41:38 +0800, HIH6130, 20.455017, 76.916504
2017-12-11 05:42:08 +0800, HIH6130, 20.451660, 76.916504
2017-12-11 05:42:38 +0800, HIH6130, 20.455017, 76.916504
2017-12-11 05:43:08 +0800, HIH6130, 20.451660, 76.916504
2017-12-11 05:43:38 +0800, HIH6130, 20.448303, 76.916504
2017-12-11 05:44:08 +0800, HIH6130, 20.448303, 76.916504
2017-12-11 05:44:38 +0800, HIH6130, 20.448303, 76.916504
2017-12-11 05:45:08 +0800, HIH6130, 20.448303, 76.916504
2017-12-11 05:45:38 +0800, HIH6130, 20.444946, 76.916504
2017-12-11 05:46:08 +0800, HIH6130, 20.444946, 76.916504
2017-12-11 05:46:38 +0800, HIH6130, 20.431519, 76.908363
2017-12-11 05:47:08 +0800, HIH6130, 20.444946, 76.916504
2017-12-11 05:47:38 +0800, HIH6130, 20.444946, 76.916504
2017-12-11 05:48:08 +0800, HIH6130, 20.438232, 76.912437
2017-12-11 05:48:38 +0800, HIH6130, 20.438232, 76.918541
2017-12-11 05:49:08 +0800, HIH6130, 20.431519, 76.914467
2017-12-11 05:49:38 +0800, HIH6130, 20.424805, 76.912437
2017-12-11 05:50:08 +0800, HIH6130, 20.431519, 76.922607
2017-12-11 05:50:38 +0800, HIH6130, 20.431519, 76.914467
2017-12-11 05:51:08 +0800, HIH6130, 20.424805, 76.904297
2017-12-11 05:51:38 +0800, HIH6130, 20.424805, 76.920570
2017-12-11 05:52:08 +0800, HIH6130, 20.421448, 76.928711
2017-12-11 05:52:38 +0800, HIH6130, 20.418091, 76.928711
2017-12-11 05:53:08 +0800, HIH6130, 20.414734, 76.928711
2017-12-11 05:53:38 +0800, HIH6130, 20.421448, 76.928711
2017-12-11 05:54:08 +0800, HIH6130, 20.414734, 76.928711
2017-12-11 05:54:38 +0800, HIH6130, 20.411377, 76.934814
2017-12-11 05:55:08 +0800, HIH6130, 20.411377, 76.934814
2017-12-11 05:55:38 +0800, HIH6130, 20.411377, 76.928711
2017-12-11 05:56:08 +0800, HIH6130, 20.411377, 76.940918
2017-12-11 05:56:38 +0800, HIH6130, 20.408020, 76.940918
2017-12-11 05:57:08 +0800, HIH6130, 20.411377, 76.928711
2017-12-11 05:57:38 +0800, HIH6130, 20.404663, 76.940918
2017-12-11 05:58:08 +0800, HIH6130, 20.408020, 76.934814
2017-12-11 05:58:38 +0800, HIH6130, 20.408020, 76.940918
2017-12-11 05:59:08 +0800, HIH6130, 20.404663, 76.940918
2017-12-11 05:59:38 +0800, HIH6130, 20.404663, 76.934814
2017-12-11 06:00:08 +0800, HIH6130, 20.397949, 76.940918
2017-12-11 06:00:38 +0800, HIH6130, 20.404663, 76.934814
2017-12-11 06:01:08 +0800, HIH6130, 20.397949, 76.940918
2017-12-11 06:01:38 +0800, HIH6130, 20.404663, 76.947021
2017-12-11 06:02:08 +0800, HIH6130, 20.391235, 76.940918
2017-12-11 06:02:38 +0800, HIH6130, 20.397949, 76.940918
2017-12-11 06:03:08 +0800, HIH6130, 20.391235, 76.940918
2017-12-11 06:03:38 +0800, HIH6130, 20.384521, 76.940918
2017-12-11 06:04:08 +0800, HIH6130, 20.384521, 76.947021
2017-12-11 06:04:38 +0800, HIH6130, 20.391235, 76.947021
2017-12-11 06:05:08 +0800, HIH6130, 20.381165, 76.947021
2017-12-11 06:05:38 +0800, HIH6130, 20.391235, 76.947021
2017-12-11 06:06:08 +0800, HIH6130, 20.384521, 76.947021
2017-12-11 06:06:38 +0800, HIH6130, 20.381165, 76.947021
2017-12-11 06:07:08 +0800, HIH6130, 20.384521, 76.947021
2017-12-11 06:07:38 +0800, HIH6130, 20.374451, 76.947021
2017-12-11 06:08:08 +0800, HIH6130, 20.374451, 76.947021
2017-12-11 06:08:38 +0800, HIH6130, 20.377808, 76.947021
2017-12-11 06:09:08 +0800, HIH6130, 20.377808, 76.947021
2017-12-11 06:09:38 +0800, HIH6130, 20.377808, 76.947021
2017-12-11 06:10:08 +0800, HIH6130, 20.367737, 76.951088
2017-12-11 06:10:38 +0800, HIH6130, 20.367737, 76.951088
2017-12-11 06:11:08 +0800, HIH6130, 20.367737, 76.951088
2017-12-11 06:11:38 +0800, HIH6130, 20.374451, 76.947021
2017-12-11 06:12:08 +0800, HIH6130, 20.367737, 76.951088
2017-12-11 06:12:38 +0800, HIH6130, 20.367737, 76.957191
2017-12-11 06:13:08 +0800, HIH6130, 20.354309, 76.959229
2017-12-11 06:13:38 +0800, HIH6130, 20.361023, 76.955162
2017-12-11 06:14:08 +0800, HIH6130, 20.354309, 76.959229
2017-12-11 06:14:38 +0800, HIH6130, 20.354309, 76.959229
2017-12-11 06:15:08 +0800, HIH6130, 20.354309, 76.959229
2017-12-11 06:15:38 +0800, HIH6130, 20.361023, 76.961266
2017-12-11 06:16:08 +0800, HIH6130, 20.354309, 76.959229
2017-12-11 06:16:38 +0800, HIH6130, 20.354309, 76.963295
2017-12-11 06:17:08 +0800, HIH6130, 20.350952, 76.959229
2017-12-11 06:17:38 +0800, HIH6130, 20.350952, 76.959229
2017-12-11 06:18:08 +0800, HIH6130, 20.347595, 76.959229
2017-12-11 06:18:38 +0800, HIH6130, 20.347595, 76.959229
2017-12-11 06:19:08 +0800, HIH6130, 20.347595, 76.959229
2017-12-11 06:19:38 +0800, HIH6130, 20.344238, 76.959229
2017-12-11 06:20:08 +0800, HIH6130, 20.340881, 76.961266
2017-12-11 06:20:38 +0800, HIH6130, 20.340881, 76.961266
2017-12-11 06:21:08 +0800, HIH6130, 20.344238, 76.959229
2017-12-11 06:21:38 +0800, HIH6130, 20.344238, 76.959229
2017-12-11 06:22:08 +0800, HIH6130, 20.344238, 76.959229
2017-12-11 06:22:38 +0800, HIH6130, 20.340881, 76.961266
2017-12-11 06:23:08 +0800, HIH6130, 20.340881, 76.961266
2017-12-11 06:23:38 +0800, HIH6130, 20.340881, 76.961266
2017-12-11 06:24:08 +0800, HIH6130, 20.340881, 76.955162
2017-12-11 06:24:38 +0800, HIH6130, 20.334167, 76.959229
2017-12-11 06:25:08 +0800, HIH6130, 20.334167, 76.965332
2017-12-11 06:25:38 +0800, HIH6130, 20.330811, 76.963295
2017-12-11 06:26:08 +0800, HIH6130, 20.334167, 76.965332
2017-12-11 06:26:38 +0800, HIH6130, 20.314026, 76.959229
2017-12-11 06:27:08 +0800, HIH6130, 20.334167, 76.959229
2017-12-11 06:27:38 +0800, HIH6130, 20.334167, 76.965332
2017-12-11 06:28:08 +0800, HIH6130, 20.327454, 76.965332
2017-12-11 06:28:38 +0800, HIH6130, 20.327454, 76.965332
2017-12-11 06:29:08 +0800, HIH6130, 20.327454, 76.965332
2017-12-11 06:29:38 +0800, HIH6130, 20.320740, 76.965332
2017-12-11 06:30:08 +0800, HIH6130, 20.320740, 76.965332
2017-12-11 06:30:38 +0800, HIH6130, 20.314026, 76.965332
2017-12-11 06:31:08 +0800, HIH6130, 20.310669, 76.953125
2017-12-11 06:31:38 +0800, HIH6130, 20.314026, 76.947021
2017-12-11 06:32:08 +0800, HIH6130, 20.310669, 76.953125
2017-12-11 06:32:38 +0800, HIH6130, 20.314026, 76.959229
2017-12-11 06:33:08 +0800, HIH6130, 20.307312, 76.947021
2017-12-11 06:33:38 +0800, HIH6130, 20.310669, 76.953125
2017-12-11 06:34:08 +0800, HIH6130, 20.307312, 76.947021
2017-12-11 06:34:38 +0800, HIH6130, 20.303955, 76.947021
2017-12-11 06:35:08 +0800, HIH6130, 20.300598, 76.947021
2017-12-11 06:35:38 +0800, HIH6130, 20.303955, 76.947021
2017-12-11 06:36:08 +0800, HIH6130, 20.303955, 76.947021
2017-12-11 06:36:38 +0800, HIH6130, 20.300598, 76.940918
2017-12-11 06:37:08 +0800, HIH6130, 20.303955, 76.934814
2017-12-11 06:37:38 +0800, HIH6130, 20.300598, 76.940918
2017-12-11 06:38:08 +0800, HIH6130, 20.297241, 76.940918
2017-12-11 06:38:38 +0800, HIH6130, 20.300598, 76.947021
2017-12-11 06:39:08 +0800, HIH6130, 20.300598, 76.928711
2017-12-11 06:39:38 +0800, HIH6130, 20.297241, 76.940918
2017-12-11 06:40:09 +0800, HIH6130, 20.293884, 76.947021
2017-12-11 06:40:39 +0800, HIH6130, 20.293884, 76.940918
2017-12-11 06:41:09 +0800, HIH6130, 20.287170, 76.934814
2017-12-11 06:41:39 +0800, HIH6130, 20.293884, 76.947021
2017-12-11 06:42:09 +0800, HIH6130, 20.290527, 76.934814
2017-12-11 06:42:39 +0800, HIH6130, 20.287170, 76.940918
2017-12-11 06:43:09 +0800, HIH6130, 20.280457, 76.934814
2017-12-11 06:43:39 +0800, HIH6130, 20.287170, 76.934814
2017-12-11 06:44:09 +0800, HIH6130, 20.273743, 76.934814
2017-12-11 06:44:39 +0800, HIH6130, 20.273743, 76.940918
2017-12-11 06:45:09 +0800, HIH6130, 20.280457, 76.928711
2017-12-11 06:45:39 +0800, HIH6130, 20.273743, 76.928711
2017-12-11 06:46:09 +0800, HIH6130, 20.267029, 76.920570
2017-12-11 06:46:39 +0800, HIH6130, 20.273743, 76.877846
2017-12-11 06:47:09 +0800, HIH6130, 20.280457, 76.849365
2017-12-11 06:47:39 +0800, HIH6130, 20.273743, 76.855469
2017-12-11 06:48:09 +0800, HIH6130, 20.273743, 76.831055
2017-12-11 06:48:39 +0800, HIH6130, 20.256958, 76.780190
2017-12-11 06:49:09 +0800, HIH6130, 20.263672, 76.737465
2017-12-11 06:49:39 +0800, HIH6130, 20.267029, 76.721191
2017-12-11 06:50:09 +0800, HIH6130, 20.270386, 76.737465
2017-12-11 06:50:39 +0800, HIH6130, 20.263672, 76.721191
2017-12-11 06:51:09 +0800, HIH6130, 20.256958, 76.696777
2017-12-11 06:51:39 +0800, HIH6130, 20.250244, 76.672363
2017-12-11 06:52:09 +0800, HIH6130, 20.256958, 76.678467
2017-12-11 06:52:39 +0800, HIH6130, 20.243530, 76.672363
2017-12-11 06:53:09 +0800, HIH6130, 20.243530, 76.609291
2017-12-11 06:53:39 +0800, HIH6130, 20.250244, 76.556396
2017-12-11 06:54:09 +0800, HIH6130, 20.243530, 76.568604
2017-12-11 06:54:39 +0800, HIH6130, 20.240173, 76.578773
2017-12-11 06:55:09 +0800, HIH6130, 20.243530, 76.605225
2017-12-11 06:55:39 +0800, HIH6130, 20.243530, 76.635742
2017-12-11 06:56:09 +0800, HIH6130, 20.243530, 76.641846
2017-12-11 06:56:39 +0800, HIH6130, 20.240173, 76.647949
2017-12-11 06:57:09 +0800, HIH6130, 20.243530, 76.658119
2017-12-11 06:57:39 +0800, HIH6130, 20.240173, 76.639809
2017-12-11 06:58:09 +0800, HIH6130, 20.236816, 76.623535
2017-12-11 06:58:39 +0800, HIH6130, 20.236816, 76.637779
2017-12-11 06:59:09 +0800, HIH6130, 20.236816, 76.658119
2017-12-11 06:59:39 +0800, HIH6130, 20.236816, 76.643883
2017-12-11 07:00:09 +0800, HIH6130, 20.230103, 76.641846
2017-12-11 07:00:39 +0800, HIH6130, 20.233459, 76.654053
2017-12-11 07:01:09 +0800, HIH6130, 20.226746, 76.670326
2017-12-11 07:01:39 +0800, HIH6130, 20.230103, 76.686607
2017-12-11 07:02:09 +0800, HIH6130, 20.226746, 76.690674
2017-12-11 07:02:39 +0800, HIH6130, 20.223389, 76.690674
2017-12-11 07:03:09 +0800, HIH6130, 20.226746, 76.715088
2017-12-11 07:03:39 +0800, HIH6130, 20.220032, 76.698814
2017-12-11 07:04:09 +0800, HIH6130, 20.230103, 76.682533
2017-12-11 07:04:39 +0800, HIH6130, 20.226746, 76.686607
2017-12-11 07:05:09 +0800, HIH6130, 20.223389, 76.698814
2017-12-11 07:05:39 +0800, HIH6130, 20.223389, 76.706947
2017-12-11 07:06:09 +0800, HIH6130, 20.223389, 76.715088
2017-12-11 07:06:39 +0800, HIH6130, 20.223389, 76.721191
2017-12-11 07:07:09 +0800, HIH6130, 20.223389, 76.727295
2017-12-11 07:07:39 +0800, HIH6130, 20.216675, 76.733398
2017-12-11 07:08:09 +0800, HIH6130, 20.216675, 76.733398
2017-12-11 07:08:39 +0800, HIH6130, 20.223389, 76.721191
2017-12-11 07:09:09 +0800, HIH6130, 20.223389, 76.690674
2017-12-11 07:09:39 +0800, HIH6130, 20.209961, 76.690674
2017-12-11 07:10:09 +0800, HIH6130, 20.203247, 76.690674
2017-12-11 07:10:39 +0800, HIH6130, 20.203247, 76.690674
2017-12-11 07:11:09 +0800, HIH6130, 20.203247, 76.690674
2017-12-11 07:11:39 +0800, HIH6130, 20.203247, 76.698814
2017-12-11 07:12:09 +0800, HIH6130, 20.199890, 76.686607
2017-12-11 07:12:39 +0800, HIH6130, 20.196533, 76.678467
2017-12-11 07:13:09 +0800, HIH6130, 20.199890, 76.678467
2017-12-11 07:13:39 +0800, HIH6130, 20.193176, 76.678467
2017-12-11 07:14:09 +0800, HIH6130, 20.196533, 76.678467
2017-12-11 07:14:39 +0800, HIH6130, 20.196533, 76.682533
2017-12-11 07:15:09 +0800, HIH6130, 20.193176, 76.690674
2017-12-11 07:15:39 +0800, HIH6130, 20.186462, 76.690674
2017-12-11 07:16:09 +0800, HIH6130, 20.193176, 76.706947
2017-12-11 07:16:39 +0800, HIH6130, 20.186462, 76.698814
2017-12-11 07:17:09 +0800, HIH6130, 20.186462, 76.690674
2017-12-11 07:17:39 +0800, HIH6130, 20.186462, 76.690674
2017-12-11 07:18:09 +0800, HIH6130, 20.186462, 76.690674
2017-12-11 07:18:39 +0800, HIH6130, 20.186462, 76.690674
2017-12-11 07:19:09 +0800, HIH6130, 20.193176, 76.690674
2017-12-11 07:19:39 +0800, HIH6130, 20.186462, 76.686607
2017-12-11 07:20:09 +0800, HIH6130, 20.179749, 76.686607
2017-12-11 07:20:39 +0800, HIH6130, 20.186462, 76.686607
2017-12-11 07:21:09 +0800, HIH6130, 20.173035, 76.690674
2017-12-11 07:21:39 +0800, HIH6130, 20.179749, 76.690674
2017-12-11 07:22:09 +0800, HIH6130, 20.179749, 76.698814
2017-12-11 07:22:39 +0800, HIH6130, 20.179749, 76.698814
2017-12-11 07:23:09 +0800, HIH6130, 20.186462, 76.690674
2017-12-11 07:23:39 +0800, HIH6130, 20.173035, 76.690674
2017-12-11 07:24:09 +0800, HIH6130, 20.173035, 76.706947
2017-12-11 07:24:39 +0800, HIH6130, 20.179749, 76.690674
2017-12-11 07:25:09 +0800, HIH6130, 20.169678, 76.715088
2017-12-11 07:25:39 +0800, HIH6130, 20.162964, 76.706947
2017-12-11 07:26:09 +0800, HIH6130, 20.169678, 76.715088
2017-12-11 07:26:39 +0800, HIH6130, 20.173035, 76.715088
2017-12-11 07:27:09 +0800, HIH6130, 20.169678, 76.715088
2017-12-11 07:27:39 +0800, HIH6130, 20.166321, 76.715088
2017-12-11 07:28:09 +0800, HIH6130, 20.162964, 76.715088
2017-12-11 07:28:39 +0800, HIH6130, 20.162964, 76.698814
2017-12-11 07:29:09 +0800, HIH6130, 20.162964, 76.690674
2017-12-11 07:29:39 +0800, HIH6130, 20.159607, 76.690674
2017-12-11 07:30:09 +0800, HIH6130, 20.162964, 76.690674
2017-12-11 07:30:39 +0800, HIH6130, 20.159607, 76.674400
2017-12-11 07:31:09 +0800, HIH6130, 20.162964, 76.662193
2017-12-11 07:31:39 +0800, HIH6130, 20.156250, 76.670326
2017-12-11 07:32:09 +0800, HIH6130, 20.156250, 76.662193
2017-12-11 07:32:39 +0800, HIH6130, 20.152893, 76.635742
2017-12-11 07:33:09 +0800, HIH6130, 20.152893, 76.635742
2017-12-11 07:33:39 +0800, HIH6130, 20.156250, 76.613365
2017-12-11 07:34:09 +0800, HIH6130, 20.152893, 76.546227
2017-12-11 07:34:39 +0800, HIH6130, 20.139465, 76.495361
2017-12-11 07:35:09 +0800, HIH6130, 20.139465, 76.450600
2017-12-11 07:35:39 +0800, HIH6130, 20.152893, 76.432289
2017-12-11 07:36:09 +0800, HIH6130, 20.139465, 76.420082
2017-12-11 07:36:39 +0800, HIH6130, 20.129395, 76.357018
2017-12-11 07:37:09 +0800, HIH6130, 20.129395, 76.403809
2017-12-11 07:37:39 +0800, HIH6130, 20.132751, 76.407875
2017-12-11 07:38:09 +0800, HIH6130, 20.132751, 76.314293
2017-12-11 07:38:39 +0800, HIH6130, 20.126038, 76.230873
2017-12-11 07:39:09 +0800, HIH6130, 20.122681, 76.251221
2017-12-11 07:39:39 +0800, HIH6130, 20.122681, 76.302086
2017-12-11 07:40:09 +0800, HIH6130, 20.122681, 76.354980
2017-12-11 07:40:39 +0800, HIH6130, 20.126038, 76.387535
2017-12-11 07:41:09 +0800, HIH6130, 20.122681, 76.409912
2017-12-11 07:41:39 +0800, HIH6130, 20.119324, 76.428223
2017-12-11 07:42:09 +0800, HIH6130, 20.122681, 76.428223
2017-12-11 07:42:39 +0800, HIH6130, 20.112610, 76.422119
2017-12-11 07:43:09 +0800, HIH6130, 20.115967, 76.434326
2017-12-11 07:43:39 +0800, HIH6130, 20.119324, 76.409912
2017-12-11 07:44:09 +0800, HIH6130, 20.115967, 76.397705
2017-12-11 07:44:39 +0800, HIH6130, 20.122681, 76.385498
2017-12-11 07:45:09 +0800, HIH6130, 20.115967, 76.397705
2017-12-11 07:45:39 +0800, HIH6130, 20.112610, 76.403809
2017-12-11 07:46:09 +0800, HIH6130, 20.115967, 76.385498
2017-12-11 07:46:39 +0800, HIH6130, 20.115967, 76.377357
2017-12-11 07:47:09 +0800, HIH6130, 20.115967, 76.361084
2017-12-11 07:47:39 +0800, HIH6130, 20.115967, 76.385498
2017-12-11 07:48:09 +0800, HIH6130, 20.099182, 76.369225
2017-12-11 07:48:39 +0800, HIH6130, 20.099182, 76.348877
2017-12-11 07:49:09 +0800, HIH6130, 20.099182, 76.361084
2017-12-11 07:49:39 +0800, HIH6130, 20.099182, 76.369225
2017-12-11 07:50:09 +0800, HIH6130, 20.095825, 76.354980
2017-12-11 07:50:39 +0800, HIH6130, 20.092468, 76.261391
2017-12-11 07:51:09 +0800, HIH6130, 20.092468, 76.202393
2017-12-11 07:51:39 +0800, HIH6130, 20.099182, 76.236977
2017-12-11 07:52:09 +0800, HIH6130, 20.092468, 76.257324
2017-12-11 07:52:39 +0800, HIH6130, 20.092468, 76.275635
2017-12-11 07:53:09 +0800, HIH6130, 20.085754, 76.300049
2017-12-11 07:53:39 +0800, HIH6130, 20.092468, 76.316322
2017-12-11 07:54:09 +0800, HIH6130, 20.089111, 76.324463
2017-12-11 07:54:39 +0800, HIH6130, 20.085754, 76.300049
2017-12-11 07:55:09 +0800, HIH6130, 20.085754, 76.300049
2017-12-11 07:55:39 +0800, HIH6130, 20.085754, 76.300049
2017-12-11 07:56:09 +0800, HIH6130, 20.085754, 76.300049
2017-12-11 07:56:39 +0800, HIH6130, 20.075684, 76.300049
2017-12-11 07:57:09 +0800, HIH6130, 20.075684, 76.287842
2017-12-11 07:57:39 +0800, HIH6130, 20.082397, 76.281738
2017-12-11 07:58:09 +0800, HIH6130, 20.082397, 76.275635
2017-12-11 07:58:39 +0800, HIH6130, 20.075684, 76.281738
2017-12-11 07:59:09 +0800, HIH6130, 20.068970, 76.281738
2017-12-11 07:59:39 +0800, HIH6130, 20.075684, 76.281738
2017-12-11 08:00:09 +0800, HIH6130, 20.062256, 76.257324
2017-12-11 08:00:39 +0800, HIH6130, 20.065613, 76.186119
2017-12-11 08:01:09 +0800, HIH6130, 20.062256, 76.159668
2017-12-11 08:01:39 +0800, HIH6130, 20.062256, 76.159668
2017-12-11 08:02:09 +0800, HIH6130, 20.062256, 76.147461
2017-12-11 08:02:39 +0800, HIH6130, 20.055542, 76.135254
2017-12-11 08:03:09 +0800, HIH6130, 20.062256, 76.147461
2017-12-11 08:03:39 +0800, HIH6130, 20.062256, 76.102699
2017-12-11 08:04:09 +0800, HIH6130, 20.058899, 76.039635
2017-12-11 08:04:39 +0800, HIH6130, 20.058899, 75.982666
2017-12-11 08:05:09 +0800, HIH6130, 20.058899, 75.952148
2017-12-11 08:05:39 +0800, HIH6130, 20.052185, 75.998940
2017-12-11 08:06:09 +0800, HIH6130, 20.052185, 76.039635
2017-12-11 08:06:39 +0800, HIH6130, 20.055542, 76.070152
2017-12-11 08:07:09 +0800, HIH6130, 20.052185, 76.049805
2017-12-11 08:07:39 +0800, HIH6130, 20.052185, 76.003014
2017-12-11 08:08:09 +0800, HIH6130, 20.048828, 75.950111
2017-12-11 08:08:39 +0800, HIH6130, 20.052185, 75.966393
2017-12-11 08:09:09 +0800, HIH6130, 20.045471, 76.019287
2017-12-11 08:09:39 +0800, HIH6130, 20.052185, 75.939941
2017-12-11 08:10:09 +0800, HIH6130, 20.045471, 75.878906
2017-12-11 08:10:39 +0800, HIH6130, 20.045471, 75.925697
2017-12-11 08:11:09 +0800, HIH6130, 20.042114, 75.964355
2017-12-11 08:11:39 +0800, HIH6130, 20.035400, 75.952148
2017-12-11 08:12:09 +0800, HIH6130, 20.042114, 75.868736
2017-12-11 08:12:39 +0800, HIH6130, 20.035400, 75.752769
2017-12-11 08:13:09 +0800, HIH6130, 20.035400, 75.697838
2017-12-11 08:13:39 +0800, HIH6130, 20.028687, 75.736488
2017-12-11 08:14:09 +0800, HIH6130, 20.021973, 75.789391
2017-12-11 08:14:39 +0800, HIH6130, 20.021973, 75.795494
2017-12-11 08:15:09 +0800, HIH6130, 20.021973, 75.836182
2017-12-11 08:15:39 +0800, HIH6130, 20.021973, 75.872803
2017-12-11 08:16:09 +0800, HIH6130, 20.028687, 75.911461
2017-12-11 08:16:39 +0800, HIH6130, 20.018616, 75.933838
2017-12-11 08:17:09 +0800, HIH6130, 20.021973, 75.933838
2017-12-11 08:17:39 +0800, HIH6130, 20.018616, 75.933838
2017-12-11 08:18:09 +0800, HIH6130, 20.018616, 75.915527
2017-12-11 08:18:39 +0800, HIH6130, 20.018616, 75.909424
2017-12-11 08:19:09 +0800, HIH6130, 20.015259, 75.933838
2017-12-11 08:19:39 +0800, HIH6130, 20.015259, 75.952148
2017-12-11 08:20:09 +0800, HIH6130, 20.018616, 75.958252
2017-12-11 08:20:39 +0800, HIH6130, 20.015259, 75.939941
2017-12-11 08:21:09 +0800, HIH6130, 20.015259, 75.921631
2017-12-11 08:21:39 +0800, HIH6130, 20.005188, 75.848389
2017-12-11 08:22:09 +0800, HIH6130, 20.011902, 75.860596
2017-12-11 08:22:39 +0800, HIH6130, 20.005188, 75.915527
2017-12-11 08:23:09 +0800, HIH6130, 20.005188, 75.939941
2017-12-11 08:23:39 +0800, HIH6130, 19.998474, 75.915527
2017-12-11 08:24:09 +0800, HIH6130, 20.005188, 75.830078
2017-12-11 08:24:39 +0800, HIH6130, 19.988403, 75.744629
2017-12-11 08:25:09 +0800, HIH6130, 19.991760, 75.746666
2017-12-11 08:25:39 +0800, HIH6130, 19.991760, 75.738525
2017-12-11 08:26:09 +0800, HIH6130, 19.991760, 75.655113
2017-12-11 08:26:39 +0800, HIH6130, 19.991760, 75.634766
2017-12-11 08:27:09 +0800, HIH6130, 19.991760, 75.646973
2017-12-11 08:27:39 +0800, HIH6130, 19.991760, 75.606285
2017-12-11 08:28:09 +0800, HIH6130, 19.985046, 75.567627
2017-12-11 08:28:39 +0800, HIH6130, 19.988403, 75.537109
2017-12-11 08:29:09 +0800, HIH6130, 19.985046, 75.516762
2017-12-11 08:29:39 +0800, HIH6130, 19.985046, 75.490318
2017-12-11 08:30:09 +0800, HIH6130, 19.985046, 75.567627
2017-12-11 08:30:39 +0800, HIH6130, 19.981689, 75.587975
2017-12-11 08:31:09 +0800, HIH6130, 19.981689, 75.543213
2017-12-11 08:31:39 +0800, HIH6130, 19.978333, 75.537109
2017-12-11 08:32:09 +0800, HIH6130, 19.978333, 75.500488
2017-12-11 08:32:39 +0800, HIH6130, 19.971619, 75.496422
2017-12-11 08:33:09 +0800, HIH6130, 19.971619, 75.596107
2017-12-11 08:33:39 +0800, HIH6130, 19.974976, 75.671387
2017-12-11 08:34:09 +0800, HIH6130, 19.971619, 75.720215
2017-12-11 08:34:39 +0800, HIH6130, 19.971619, 75.726318
2017-12-11 08:35:09 +0800, HIH6130, 19.964905, 75.720215
2017-12-11 08:35:39 +0800, HIH6130, 19.971619, 75.738525
2017-12-11 08:36:09 +0800, HIH6130, 19.971619, 75.756836
2017-12-11 08:36:39 +0800, HIH6130, 19.971619, 75.705971
2017-12-11 08:37:09 +0800, HIH6130, 19.951477, 75.679527
2017-12-11 08:37:39 +0800, HIH6130, 19.961548, 75.714111
2017-12-11 08:38:09 +0800, HIH6130, 19.961548, 75.738525
2017-12-11 08:38:39 +0800, HIH6130, 19.951477, 75.762939
2017-12-11 08:39:09 +0800, HIH6130, 19.941406, 75.775146
2017-12-11 08:39:40 +0800, HIH6130, 19.941406, 75.769043
2017-12-11 08:40:10 +0800, HIH6130, 19.961548, 75.769043
2017-12-11 08:40:40 +0800, HIH6130, 19.941406, 75.769043
2017-12-11 08:41:10 +0800, HIH6130, 19.951477, 75.783287
2017-12-11 08:41:40 +0800, HIH6130, 19.951477, 75.791420
2017-12-11 08:42:10 +0800, HIH6130, 19.941406, 75.775146
2017-12-11 08:42:40 +0800, HIH6130, 19.941406, 75.791420
2017-12-11 08:43:10 +0800, HIH6130, 19.941406, 75.750732
2017-12-11 08:43:40 +0800, HIH6130, 19.941406, 75.762939
2017-12-11 08:44:10 +0800, HIH6130, 19.941406, 75.791420
2017-12-11 08:44:40 +0800, HIH6130, 19.941406, 75.799561
2017-12-11 08:45:10 +0800, HIH6130, 19.938049, 75.799561
2017-12-11 08:45:40 +0800, HIH6130, 19.938049, 75.805664
2017-12-11 08:46:10 +0800, HIH6130, 19.938049, 75.826012
2017-12-11 08:46:40 +0800, HIH6130, 19.934692, 75.817871
2017-12-11 08:47:10 +0800, HIH6130, 19.931335, 75.805664
2017-12-11 08:47:40 +0800, HIH6130, 19.934692, 75.791420
2017-12-11 08:48:10 +0800, HIH6130, 19.931335, 75.791420
2017-12-11 08:48:40 +0800, HIH6130, 19.934692, 75.756836
2017-12-11 08:49:10 +0800, HIH6130, 19.931335, 75.756836
2017-12-11 08:49:40 +0800, HIH6130, 19.931335, 75.775146
2017-12-11 08:50:10 +0800, HIH6130, 19.931335, 75.775146
2017-12-11 08:50:40 +0800, HIH6130, 19.924622, 75.769043
2017-12-11 08:51:10 +0800, HIH6130, 19.927979, 75.769043
2017-12-11 08:51:40 +0800, HIH6130, 19.927979, 75.783287
2017-12-11 08:52:10 +0800, HIH6130, 19.927979, 75.775146
2017-12-11 08:52:40 +0800, HIH6130, 19.927979, 75.791420
2017-12-11 08:53:10 +0800, HIH6130, 19.927979, 75.783287
2017-12-11 08:53:40 +0800, HIH6130, 19.931335, 75.750732
2017-12-11 08:54:10 +0800, HIH6130, 19.924622, 75.685631
2017-12-11 08:54:40 +0800, HIH6130, 19.927979, 75.543213
2017-12-11 08:55:10 +0800, HIH6130, 19.917908, 75.510658
2017-12-11 08:55:40 +0800, HIH6130, 19.921265, 75.575768
2017-12-11 08:56:10 +0800, HIH6130, 19.921265, 75.636803
2017-12-11 08:56:40 +0800, HIH6130, 19.921265, 75.659180
2017-12-11 08:57:10 +0800, HIH6130, 19.914551, 75.673424
2017-12-11 08:57:40 +0800, HIH6130, 19.914551, 75.673424
2017-12-11 08:58:10 +0800, HIH6130, 19.914551, 75.697838
2017-12-11 08:58:40 +0800, HIH6130, 19.921265, 75.726318
2017-12-11 08:59:10 +0800, HIH6130, 19.914551, 75.740562
2017-12-11 08:59:40 +0800, HIH6130, 19.914551, 75.728355
2017-12-11 09:00:10 +0800, HIH6130, 19.914551, 75.710045
2017-12-11 09:00:40 +0800, HIH6130, 19.921265, 75.738525
2017-12-11 09:01:10 +0800, HIH6130, 19.901123, 75.726318
2017-12-11 09:01:40 +0800, HIH6130, 19.914551, 75.746666
2017-12-11 09:02:10 +0800, HIH6130, 19.921265, 75.756836
2017-12-11 09:02:40 +0800, HIH6130, 19.907837, 75.742592
2017-12-11 09:03:10 +0800, HIH6130, 19.914551, 75.767006
2017-12-11 09:03:40 +0800, HIH6130, 19.914551, 75.787354
2017-12-11 09:04:10 +0800, HIH6130, 19.897766, 75.787354
2017-12-11 09:04:40 +0800, HIH6130, 19.901123, 75.811768
2017-12-11 09:05:10 +0800, HIH6130, 19.901123, 75.817871
2017-12-11 09:05:40 +0800, HIH6130, 19.897766, 75.830078
2017-12-11 09:06:10 +0800, HIH6130, 19.904480, 75.846352
2017-12-11 09:06:40 +0800, HIH6130, 19.907837, 75.840248
2017-12-11 09:07:10 +0800, HIH6130, 19.914551, 75.856529
2017-12-11 09:07:40 +0800, HIH6130, 19.901123, 75.848389
2017-12-11 09:08:10 +0800, HIH6130, 19.907837, 75.852455
2017-12-11 09:08:40 +0800, HIH6130, 19.901123, 75.854492
2017-12-11 09:09:10 +0800, HIH6130, 19.897766, 75.866699
2017-12-11 09:09:40 +0800, HIH6130, 19.901123, 75.866699
2017-12-11 09:10:10 +0800, HIH6130, 19.901123, 75.866699
2017-12-11 09:10:40 +0800, HIH6130, 19.897766, 75.866699
2017-12-11 09:11:10 +0800, HIH6130, 19.897766, 75.872803
2017-12-11 09:11:40 +0800, HIH6130, 19.897766, 75.885010
2017-12-11 09:12:10 +0800, HIH6130, 19.897766, 75.885010
2017-12-11 09:12:40 +0800, HIH6130, 19.891052, 75.885010
2017-12-11 09:13:10 +0800, HIH6130, 19.891052, 75.885010
2017-12-11 09:13:40 +0800, HIH6130, 19.897766, 75.885010
2017-12-11 09:14:10 +0800, HIH6130, 19.891052, 75.893150
2017-12-11 09:14:40 +0800, HIH6130, 19.891052, 75.909424
2017-12-11 09:15:10 +0800, HIH6130, 19.884338, 75.909424
2017-12-11 09:15:40 +0800, HIH6130, 19.891052, 75.909424
2017-12-11 09:16:10 +0800, HIH6130, 19.891052, 75.909424
2017-12-11 09:16:40 +0800, HIH6130, 19.877625, 75.909424
2017-12-11 09:17:10 +0800, HIH6130, 19.884338, 75.915527
2017-12-11 09:17:40 +0800, HIH6130, 19.870911, 75.915527
2017-12-11 09:18:10 +0800, HIH6130, 19.877625, 75.921631
2017-12-11 09:18:40 +0800, HIH6130, 19.870911, 75.909424
2017-12-11 09:19:10 +0800, HIH6130, 19.870911, 75.927734
2017-12-11 09:19:40 +0800, HIH6130, 19.877625, 75.927734
2017-12-11 09:20:10 +0800, HIH6130, 19.877625, 75.927734
2017-12-11 09:20:40 +0800, HIH6130, 19.870911, 75.952148
2017-12-11 09:21:10 +0800, HIH6130, 19.870911, 75.952148
2017-12-11 09:21:40 +0800, HIH6130, 19.867554, 75.952148
2017-12-11 09:22:10 +0800, HIH6130, 19.870911, 75.952148
2017-12-11 09:22:40 +0800, HIH6130, 19.867554, 75.952148
2017-12-11 09:23:10 +0800, HIH6130, 19.867554, 75.958252
2017-12-11 09:23:40 +0800, HIH6130, 19.867554, 75.952148
2017-12-11 09:24:10 +0800, HIH6130, 19.867554, 75.952148
2017-12-11 09:24:40 +0800, HIH6130, 19.864197, 75.952148
2017-12-11 09:25:10 +0800, HIH6130, 19.860840, 75.952148
2017-12-11 09:25:40 +0800, HIH6130, 19.870911, 75.964355
2017-12-11 09:26:10 +0800, HIH6130, 19.867554, 75.970459
2017-12-11 09:26:40 +0800, HIH6130, 19.860840, 75.970459
2017-12-11 09:27:10 +0800, HIH6130, 19.864197, 75.970459
2017-12-11 09:27:40 +0800, HIH6130, 19.860840, 75.970459
2017-12-11 09:28:10 +0800, HIH6130, 19.864197, 75.964355
2017-12-11 09:28:40 +0800, HIH6130, 19.864197, 75.964355
2017-12-11 09:29:10 +0800, HIH6130, 19.860840, 75.970459
2017-12-11 09:29:40 +0800, HIH6130, 19.860840, 75.970459
2017-12-11 09:30:10 +0800, HIH6130, 19.857483, 75.970459
2017-12-11 09:30:40 +0800, HIH6130, 19.857483, 75.978600
2017-12-11 09:31:10 +0800, HIH6130, 19.860840, 75.970459
2017-12-11 09:31:40 +0800, HIH6130, 19.860840, 75.970459
2017-12-11 09:32:10 +0800, HIH6130, 19.850769, 75.970459
2017-12-11 09:32:40 +0800, HIH6130, 19.854126, 75.978600
2017-12-11 09:33:10 +0800, HIH6130, 19.854126, 75.970459
2017-12-11 09:33:40 +0800, HIH6130, 19.854126, 75.978600
2017-12-11 09:34:10 +0800, HIH6130, 19.850769, 75.978600
2017-12-11 09:34:40 +0800, HIH6130, 19.850769, 75.994873
2017-12-11 09:35:10 +0800, HIH6130, 19.854126, 75.986732
2017-12-11 09:35:40 +0800, HIH6130, 19.850769, 75.994873
2017-12-11 09:36:10 +0800, HIH6130, 19.850769, 75.994873
2017-12-11 09:36:40 +0800, HIH6130, 19.850769, 75.994873
2017-12-11 09:37:10 +0800, HIH6130, 19.844055, 75.994873
2017-12-11 09:37:40 +0800, HIH6130, 19.844055, 76.007080
2017-12-11 09:38:10 +0800, HIH6130, 19.837341, 76.007080
2017-12-11 09:38:40 +0800, HIH6130, 19.837341, 76.003014
2017-12-11 09:39:10 +0800, HIH6130, 19.844055, 76.003014
2017-12-11 09:39:40 +0800, HIH6130, 19.837341, 75.998940
2017-12-11 09:40:10 +0800, HIH6130, 19.837341, 76.007080
2017-12-11 09:40:40 +0800, HIH6130, 19.844055, 76.003014
2017-12-11 09:41:10 +0800, HIH6130, 19.837341, 76.007080
2017-12-11 09:41:40 +0800, HIH6130, 19.830627, 76.023354
2017-12-11 09:42:10 +0800, HIH6130, 19.844055, 76.023354
2017-12-11 09:42:40 +0800, HIH6130, 19.837341, 76.031494
2017-12-11 09:43:10 +0800, HIH6130, 19.830627, 76.031494
2017-12-11 09:43:40 +0800, HIH6130, 19.837341, 76.031494
2017-12-11 09:44:10 +0800, HIH6130, 19.830627, 76.031494
2017-12-11 09:44:40 +0800, HIH6130, 19.827271, 76.031494
2017-12-11 09:45:10 +0800, HIH6130, 19.827271, 76.043701
2017-12-11 09:45:40 +0800, HIH6130, 19.823914, 76.037598
2017-12-11 09:46:10 +0800, HIH6130, 19.827271, 76.037598
2017-12-11 09:46:40 +0800, HIH6130, 19.827271, 76.043701
2017-12-11 09:47:10 +0800, HIH6130, 19.827271, 76.043701
2017-12-11 09:47:40 +0800, HIH6130, 19.823914, 76.049805
2017-12-11 09:48:10 +0800, HIH6130, 19.823914, 76.049805
2017-12-11 09:48:40 +0800, HIH6130, 19.820557, 76.037598
2017-12-11 09:49:10 +0800, HIH6130, 19.823914, 76.043701
2017-12-11 09:49:40 +0800, HIH6130, 19.823914, 76.043701
2017-12-11 09:50:10 +0800, HIH6130, 19.820557, 76.037598
2017-12-11 09:50:40 +0800, HIH6130, 19.823914, 76.049805
2017-12-11 09:51:10 +0800, HIH6130, 19.823914, 76.049805
2017-12-11 09:51:40 +0800, HIH6130, 19.820557, 76.049805
2017-12-11 09:52:10 +0800, HIH6130, 19.820557, 76.049805
2017-12-11 09:52:40 +0800, HIH6130, 19.823914, 76.049805
2017-12-11 09:53:10 +0800, HIH6130, 19.823914, 76.055908
2017-12-11 09:53:40 +0800, HIH6130, 19.820557, 76.049805
2017-12-11 09:54:10 +0800, HIH6130, 19.820557, 76.049805
2017-12-11 09:54:40 +0800, HIH6130, 19.820557, 76.049805
2017-12-11 09:55:10 +0800, HIH6130, 19.820557, 76.055908
2017-12-11 09:55:40 +0800, HIH6130, 19.800415, 76.037598
2017-12-11 09:56:10 +0800, HIH6130, 19.813843, 76.053871
2017-12-11 09:56:40 +0800, HIH6130, 19.813843, 76.053871
2017-12-11 09:57:10 +0800, HIH6130, 19.813843, 76.059975
2017-12-11 09:57:40 +0800, HIH6130, 19.820557, 76.068115
2017-12-11 09:58:10 +0800, HIH6130, 19.807129, 76.070152
2017-12-11 09:58:40 +0800, HIH6130, 19.813843, 76.066078
2017-12-11 09:59:10 +0800, HIH6130, 19.807129, 76.064049
2017-12-11 09:59:40 +0800, HIH6130, 19.803772, 76.064049
2017-12-11 10:00:10 +0800, HIH6130, 19.807129, 76.064049
2017-12-11 10:00:40 +0800, HIH6130, 19.807129, 76.064049
2017-12-11 10:01:10 +0800, HIH6130, 19.800415, 76.062012
2017-12-11 10:01:40 +0800, HIH6130, 19.813843, 76.059975
2017-12-11 10:02:10 +0800, HIH6130, 19.800415, 76.037598
2017-12-11 10:02:40 +0800, HIH6130, 19.800415, 76.037598
2017-12-11 10:03:10 +0800, HIH6130, 19.800415, 76.062012
2017-12-11 10:03:40 +0800, HIH6130, 19.800415, 76.062012
2017-12-11 10:04:10 +0800, HIH6130, 19.800415, 76.074219
2017-12-11 10:04:40 +0800, HIH6130, 19.800415, 76.074219
2017-12-11 10:05:10 +0800, HIH6130, 19.793701, 76.080322
2017-12-11 10:05:40 +0800, HIH6130, 19.797058, 76.080322
2017-12-11 10:06:10 +0800, HIH6130, 19.800415, 76.080322
2017-12-11 10:06:40 +0800, HIH6130, 19.797058, 76.080322
2017-12-11 10:07:10 +0800, HIH6130, 19.797058, 76.062012
2017-12-11 10:07:40 +0800, HIH6130, 19.797058, 76.080322
2017-12-11 10:08:10 +0800, HIH6130, 19.793701, 76.080322
2017-12-11 10:08:40 +0800, HIH6130, 19.793701, 76.080322
2017-12-11 10:09:10 +0800, HIH6130, 19.797058, 76.096596
2017-12-11 10:09:40 +0800, HIH6130, 19.790344, 76.096596
2017-12-11 10:10:10 +0800, HIH6130, 19.793701, 76.080322
2017-12-11 10:10:40 +0800, HIH6130, 19.793701, 76.080322
2017-12-11 10:11:10 +0800, HIH6130, 19.793701, 76.080322
2017-12-11 10:11:40 +0800, HIH6130, 19.797058, 76.080322
2017-12-11 10:12:10 +0800, HIH6130, 19.786987, 76.080322
2017-12-11 10:12:40 +0800, HIH6130, 19.793701, 76.080322
2017-12-11 10:13:10 +0800, HIH6130, 19.790344, 76.080322
2017-12-11 10:13:40 +0800, HIH6130, 19.790344, 76.080322
2017-12-11 10:14:10 +0800, HIH6130, 19.790344, 76.088463
2017-12-11 10:14:40 +0800, HIH6130, 19.786987, 76.080322
2017-12-11 10:15:10 +0800, HIH6130, 19.790344, 76.080322
2017-12-11 10:15:40 +0800, HIH6130, 19.790344, 76.080322
2017-12-11 10:16:10 +0800, HIH6130, 19.786987, 76.080322
2017-12-11 10:16:40 +0800, HIH6130, 19.790344, 76.080322
2017-12-11 10:17:10 +0800, HIH6130, 19.780273, 76.080322
2017-12-11 10:17:40 +0800, HIH6130, 19.786987, 76.096596
2017-12-11 10:18:10 +0800, HIH6130, 19.780273, 76.088463
2017-12-11 10:18:40 +0800, HIH6130, 19.790344, 76.110840
2017-12-11 10:19:10 +0800, HIH6130, 19.786987, 76.129150
2017-12-11 10:19:40 +0800, HIH6130, 19.790344, 76.141357
2017-12-11 10:20:10 +0800, HIH6130, 19.786987, 76.141357
2017-12-11 10:20:40 +0800, HIH6130, 19.783630, 76.141357
2017-12-11 10:21:10 +0800, HIH6130, 19.790344, 76.141357
2017-12-11 10:21:40 +0800, HIH6130, 19.790344, 76.141357
2017-12-11 10:22:10 +0800, HIH6130, 19.790344, 76.141357
2017-12-11 10:22:40 +0800, HIH6130, 19.783630, 76.141357
2017-12-11 10:23:10 +0800, HIH6130, 19.790344, 76.147461
2017-12-11 10:23:40 +0800, HIH6130, 19.780273, 76.141357
2017-12-11 10:24:10 +0800, HIH6130, 19.783630, 76.141357
2017-12-11 10:24:40 +0800, HIH6130, 19.783630, 76.141357
2017-12-11 10:25:10 +0800, HIH6130, 19.780273, 76.141357
2017-12-11 10:25:40 +0800, HIH6130, 19.773560, 76.159668
2017-12-11 10:26:10 +0800, HIH6130, 19.780273, 76.165771
2017-12-11 10:26:40 +0800, HIH6130, 19.783630, 76.177979
2017-12-11 10:27:10 +0800, HIH6130, 19.773560, 76.194252
2017-12-11 10:27:40 +0800, HIH6130, 19.773560, 76.194252
2017-12-11 10:28:10 +0800, HIH6130, 19.780273, 76.177979
2017-12-11 10:28:40 +0800, HIH6130, 19.760132, 76.202393
2017-12-11 10:29:10 +0800, HIH6130, 19.766846, 76.194252
2017-12-11 10:29:40 +0800, HIH6130, 19.773560, 76.194252
2017-12-11 10:30:10 +0800, HIH6130, 19.766846, 76.194252
2017-12-11 10:30:40 +0800, HIH6130, 19.766846, 76.202393
2017-12-11 10:31:10 +0800, HIH6130, 19.760132, 76.202393
2017-12-11 10:31:40 +0800, HIH6130, 19.773560, 76.186119
2017-12-11 10:32:10 +0800, HIH6130, 19.773560, 76.202393
2017-12-11 10:32:40 +0800, HIH6130, 19.766846, 76.220703
2017-12-11 10:33:10 +0800, HIH6130, 19.760132, 76.202393
2017-12-11 10:33:40 +0800, HIH6130, 19.773560, 76.202393
2017-12-11 10:34:10 +0800, HIH6130, 19.773560, 76.194252
2017-12-11 10:34:40 +0800, HIH6130, 19.766846, 76.194252
2017-12-11 10:35:10 +0800, HIH6130, 19.773560, 76.202393
2017-12-11 10:35:40 +0800, HIH6130, 19.766846, 76.222740
2017-12-11 10:36:10 +0800, HIH6130, 19.760132, 76.228844
2017-12-11 10:36:40 +0800, HIH6130, 19.760132, 76.186119
2017-12-11 10:37:10 +0800, HIH6130, 19.760132, 76.186119
2017-12-11 10:37:41 +0800, HIH6130, 19.766846, 76.208496
2017-12-11 10:38:11 +0800, HIH6130, 19.760132, 76.202393
2017-12-11 10:38:41 +0800, HIH6130, 19.760132, 76.208496
2017-12-11 10:39:11 +0800, HIH6130, 19.760132, 76.220703
2017-12-11 10:39:41 +0800, HIH6130, 19.766846, 76.228844
2017-12-11 10:40:11 +0800, HIH6130, 19.760132, 76.236977
2017-12-11 10:40:41 +0800, HIH6130, 19.756775, 76.251221
2017-12-11 10:41:11 +0800, HIH6130, 19.760132, 76.263428
2017-12-11 10:41:41 +0800, HIH6130, 19.760132, 76.263428
2017-12-11 10:42:11 +0800, HIH6130, 19.760132, 76.281738
2017-12-11 10:42:41 +0800, HIH6130, 19.753418, 76.281738
2017-12-11 10:43:11 +0800, HIH6130, 19.753418, 76.281738
2017-12-11 10:43:41 +0800, HIH6130, 19.760132, 76.281738
2017-12-11 10:44:11 +0800, HIH6130, 19.760132, 76.281738
2017-12-11 10:44:41 +0800, HIH6130, 19.760132, 76.281738
2017-12-11 10:45:11 +0800, HIH6130, 19.756775, 76.293945
2017-12-11 10:45:41 +0800, HIH6130, 19.753418, 76.300049
2017-12-11 10:46:11 +0800, HIH6130, 19.756775, 76.300049
2017-12-11 10:46:41 +0800, HIH6130, 19.760132, 76.300049
2017-12-11 10:47:11 +0800, HIH6130, 19.760132, 76.293945
2017-12-11 10:47:41 +0800, HIH6130, 19.756775, 76.300049
2017-12-11 10:48:11 +0800, HIH6130, 19.760132, 76.308189
2017-12-11 10:48:41 +0800, HIH6130, 19.760132, 76.324463
2017-12-11 10:49:11 +0800, HIH6130, 19.756775, 76.324463
2017-12-11 10:49:41 +0800, HIH6130, 19.756775, 76.324463
2017-12-11 10:50:11 +0800, HIH6130, 19.753418, 76.324463
2017-12-11 10:50:41 +0800, HIH6130, 19.753418, 76.324463
2017-12-11 10:51:11 +0800, HIH6130, 19.756775, 76.330566
2017-12-11 10:51:41 +0800, HIH6130, 19.753418, 76.342773
2017-12-11 10:52:11 +0800, HIH6130, 19.756775, 76.342773
2017-12-11 10:52:41 +0800, HIH6130, 19.753418, 76.342773
2017-12-11 10:53:11 +0800, HIH6130, 19.753418, 76.342773
2017-12-11 10:53:41 +0800, HIH6130, 19.750061, 76.342773
2017-12-11 10:54:11 +0800, HIH6130, 19.753418, 76.342773
2017-12-11 10:54:41 +0800, HIH6130, 19.756775, 76.342773
2017-12-11 10:55:11 +0800, HIH6130, 19.753418, 76.348877
2017-12-11 10:55:41 +0800, HIH6130, 19.750061, 76.361084
2017-12-11 10:56:11 +0800, HIH6130, 19.756775, 76.361084
2017-12-11 10:56:41 +0800, HIH6130, 19.753418, 76.361084
2017-12-11 10:57:11 +0800, HIH6130, 19.750061, 76.361084
2017-12-11 10:57:41 +0800, HIH6130, 19.750061, 76.361084
2017-12-11 10:58:11 +0800, HIH6130, 19.753418, 76.361084
2017-12-11 10:58:41 +0800, HIH6130, 19.753418, 76.361084
2017-12-11 10:59:11 +0800, HIH6130, 19.750061, 76.361084
2017-12-11 10:59:41 +0800, HIH6130, 19.750061, 76.361084
2017-12-11 11:00:11 +0800, HIH6130, 19.753418, 76.361084
2017-12-11 11:00:41 +0800, HIH6130, 19.743347, 76.361084
2017-12-11 11:01:11 +0800, HIH6130, 19.750061, 76.369225
2017-12-11 11:01:41 +0800, HIH6130, 19.743347, 76.369225
2017-12-11 11:02:11 +0800, HIH6130, 19.743347, 76.385498
2017-12-11 11:02:41 +0800, HIH6130, 19.750061, 76.377357
2017-12-11 11:03:11 +0800, HIH6130, 19.750061, 76.385498
2017-12-11 11:03:41 +0800, HIH6130, 19.750061, 76.385498
2017-12-11 11:04:11 +0800, HIH6130, 19.750061, 76.385498
2017-12-11 11:04:41 +0800, HIH6130, 19.750061, 76.385498
2017-12-11 11:05:11 +0800, HIH6130, 19.750061, 76.385498
2017-12-11 11:05:41 +0800, HIH6130, 19.753418, 76.385498
2017-12-11 11:06:11 +0800, HIH6130, 19.743347, 76.385498
2017-12-11 11:06:41 +0800, HIH6130, 19.750061, 76.385498
2017-12-11 11:07:11 +0800, HIH6130, 19.750061, 76.385498
2017-12-11 11:07:41 +0800, HIH6130, 19.743347, 76.385498
2017-12-11 11:08:11 +0800, HIH6130, 19.753418, 76.385498
2017-12-11 11:08:41 +0800, HIH6130, 19.743347, 76.385498
2017-12-11 11:09:11 +0800, HIH6130, 19.750061, 76.385498
2017-12-11 11:09:41 +0800, HIH6130, 19.750061, 76.385498
2017-12-11 11:10:11 +0800, HIH6130, 19.750061, 76.385498
2017-12-11 11:10:41 +0800, HIH6130, 19.750061, 76.385498
2017-12-11 11:11:11 +0800, HIH6130, 19.750061, 76.385498
2017-12-11 11:11:41 +0800, HIH6130, 19.743347, 76.385498
2017-12-11 11:12:11 +0800, HIH6130, 19.750061, 76.385498
2017-12-11 11:12:41 +0800, HIH6130, 19.743347, 76.385498
2017-12-11 11:13:11 +0800, HIH6130, 19.753418, 76.385498
2017-12-11 11:13:41 +0800, HIH6130, 19.743347, 76.385498
2017-12-11 11:14:11 +0800, HIH6130, 19.736633, 76.391602
2017-12-11 11:14:41 +0800, HIH6130, 19.736633, 76.385498
2017-12-11 11:15:11 +0800, HIH6130, 19.743347, 76.385498
2017-12-11 11:15:41 +0800, HIH6130, 19.736633, 76.385498
2017-12-11 11:16:11 +0800, HIH6130, 19.736633, 76.385498
2017-12-11 11:16:41 +0800, HIH6130, 19.743347, 76.385498
2017-12-11 11:17:11 +0800, HIH6130, 19.743347, 76.385498
2017-12-11 11:17:41 +0800, HIH6130, 19.736633, 76.385498
2017-12-11 11:18:11 +0800, HIH6130, 19.736633, 76.391602
2017-12-11 11:18:41 +0800, HIH6130, 19.729919, 76.385498
2017-12-11 11:19:11 +0800, HIH6130, 19.733276, 76.385498
2017-12-11 11:19:41 +0800, HIH6130, 19.729919, 76.385498
2017-12-11 11:20:11 +0800, HIH6130, 19.729919, 76.385498
2017-12-11 11:20:41 +0800, HIH6130, 19.743347, 76.391602
2017-12-11 11:21:11 +0800, HIH6130, 19.736633, 76.391602
2017-12-11 11:21:41 +0800, HIH6130, 19.729919, 76.385498
2017-12-11 11:22:11 +0800, HIH6130, 19.729919, 76.385498
2017-12-11 11:22:41 +0800, HIH6130, 19.736633, 76.397705
2017-12-11 11:23:11 +0800, HIH6130, 19.736633, 76.391602
2017-12-11 11:23:41 +0800, HIH6130, 19.743347, 76.397705
2017-12-11 11:24:11 +0800, HIH6130, 19.743347, 76.397705
2017-12-11 11:24:41 +0800, HIH6130, 19.729919, 76.391602
2017-12-11 11:25:11 +0800, HIH6130, 19.736633, 76.385498
2017-12-11 11:25:41 +0800, HIH6130, 19.723206, 76.385498
2017-12-11 11:26:11 +0800, HIH6130, 19.736633, 76.391602
2017-12-11 11:26:41 +0800, HIH6130, 19.729919, 76.397705
2017-12-11 11:27:11 +0800, HIH6130, 19.726562, 76.397705
2017-12-11 11:27:41 +0800, HIH6130, 19.729919, 76.403809
2017-12-11 11:28:11 +0800, HIH6130, 19.729919, 76.403809
2017-12-11 11:28:41 +0800, HIH6130, 19.729919, 76.403809
2017-12-11 11:29:11 +0800, HIH6130, 19.726562, 76.397705
2017-12-11 11:29:41 +0800, HIH6130, 19.726562, 76.407875
2017-12-11 11:30:11 +0800, HIH6130, 19.726562, 76.401772
2017-12-11 11:30:41 +0800, HIH6130, 19.729919, 76.403809
2017-12-11 11:31:11 +0800, HIH6130, 19.729919, 76.403809
2017-12-11 11:31:41 +0800, HIH6130, 19.726562, 76.397705
2017-12-11 11:32:11 +0800, HIH6130, 19.729919, 76.403809
2017-12-11 11:32:41 +0800, HIH6130, 19.729919, 76.403809
2017-12-11 11:33:11 +0800, HIH6130, 19.729919, 76.403809
2017-12-11 11:33:41 +0800, HIH6130, 19.729919, 76.403809
2017-12-11 11:34:11 +0800, HIH6130, 19.726562, 76.397705
2017-12-11 11:34:41 +0800, HIH6130, 19.723206, 76.411949
2017-12-11 11:35:11 +0800, HIH6130, 19.729919, 76.411949
2017-12-11 11:35:41 +0800, HIH6130, 19.729919, 76.403809
2017-12-11 11:36:11 +0800, HIH6130, 19.723206, 76.401772
2017-12-11 11:36:41 +0800, HIH6130, 19.723206, 76.405846
2017-12-11 11:37:11 +0800, HIH6130, 19.729919, 76.403809
2017-12-11 11:37:41 +0800, HIH6130, 19.726562, 76.407875
2017-12-11 11:38:11 +0800, HIH6130, 19.723206, 76.411949
2017-12-11 11:38:41 +0800, HIH6130, 19.726562, 76.407875
2017-12-11 11:39:11 +0800, HIH6130, 19.723206, 76.411949
2017-12-11 11:39:41 +0800, HIH6130, 19.729919, 76.403809
2017-12-11 11:40:11 +0800, HIH6130, 19.723206, 76.401772
2017-12-11 11:40:41 +0800, HIH6130, 19.726562, 76.407875
2017-12-11 11:41:11 +0800, HIH6130, 19.723206, 76.411949
2017-12-11 11:41:41 +0800, HIH6130, 19.723206, 76.411949
2017-12-11 11:42:11 +0800, HIH6130, 19.723206, 76.401772
2017-12-11 11:42:41 +0800, HIH6130, 19.726562, 76.407875
2017-12-11 11:43:11 +0800, HIH6130, 19.723206, 76.411949
2017-12-11 11:43:41 +0800, HIH6130, 19.723206, 76.401772
2017-12-11 11:44:11 +0800, HIH6130, 19.719849, 76.395668
2017-12-11 11:44:41 +0800, HIH6130, 19.723206, 76.411949
2017-12-11 11:45:11 +0800, HIH6130, 19.723206, 76.401772
2017-12-11 11:45:41 +0800, HIH6130, 19.723206, 76.401772
2017-12-11 11:46:11 +0800, HIH6130, 19.719849, 76.405846
2017-12-11 11:46:41 +0800, HIH6130, 19.719849, 76.416016
2017-12-11 11:47:11 +0800, HIH6130, 19.723206, 76.411949
2017-12-11 11:47:41 +0800, HIH6130, 19.723206, 76.411949
2017-12-11 11:48:11 +0800, HIH6130, 19.716492, 76.407875
2017-12-11 11:48:41 +0800, HIH6130, 19.716492, 76.407875
2017-12-11 11:49:11 +0800, HIH6130, 19.719849, 76.416016
2017-12-11 11:49:41 +0800, HIH6130, 19.716492, 76.407875
2017-12-11 11:50:11 +0800, HIH6130, 19.716492, 76.407875
2017-12-11 11:50:41 +0800, HIH6130, 19.719849, 76.416016
2017-12-11 11:51:11 +0800, HIH6130, 19.719849, 76.416016
2017-12-11 11:51:41 +0800, HIH6130, 19.719849, 76.416016
2017-12-11 11:52:11 +0800, HIH6130, 19.719849, 76.416016
2017-12-11 11:52:41 +0800, HIH6130, 19.719849, 76.405846
2017-12-11 11:53:11 +0800, HIH6130, 19.719849, 76.405846
2017-12-11 11:53:41 +0800, HIH6130, 19.719849, 76.405846
2017-12-11 11:54:11 +0800, HIH6130, 19.719849, 76.405846
2017-12-11 11:54:41 +0800, HIH6130, 19.719849, 76.405846
2017-12-11 11:55:11 +0800, HIH6130, 19.719849, 76.405846
2017-12-11 11:55:41 +0800, HIH6130, 19.719849, 76.405846
2017-12-11 11:56:11 +0800, HIH6130, 19.713135, 76.389565
2017-12-11 11:56:41 +0800, HIH6130, 19.716492, 76.397705
2017-12-11 11:57:11 +0800, HIH6130, 19.713135, 76.377357
2017-12-11 11:57:41 +0800, HIH6130, 19.713135, 76.387535
2017-12-11 11:58:11 +0800, HIH6130, 19.719849, 76.405846
2017-12-11 11:58:41 +0800, HIH6130, 19.716492, 76.387535
2017-12-11 11:59:11 +0800, HIH6130, 19.719849, 76.395668
2017-12-11 11:59:41 +0800, HIH6130, 19.719849, 76.385498
2017-12-11 12:00:11 +0800, HIH6130, 19.719849, 76.395668
2017-12-11 12:00:41 +0800, HIH6130, 19.719849, 76.385498
2017-12-11 12:01:11 +0800, HIH6130, 19.716492, 76.401772
2017-12-11 12:01:41 +0800, HIH6130, 19.716492, 76.407875
2017-12-11 12:02:11 +0800, HIH6130, 19.719849, 76.395668
2017-12-11 12:02:41 +0800, HIH6130, 19.713135, 76.387535
2017-12-11 12:03:11 +0800, HIH6130, 19.703064, 76.379395
2017-12-11 12:03:41 +0800, HIH6130, 19.716492, 76.381432
2017-12-11 12:04:11 +0800, HIH6130, 19.713135, 76.377357
2017-12-11 12:04:41 +0800, HIH6130, 19.713135, 76.377357
2017-12-11 12:05:11 +0800, HIH6130, 19.696350, 76.379395
2017-12-11 12:05:41 +0800, HIH6130, 19.713135, 76.377357
2017-12-11 12:06:11 +0800, HIH6130, 19.703064, 76.379395
2017-12-11 12:06:41 +0800, HIH6130, 19.719849, 76.385498
2017-12-11 12:07:11 +0800, HIH6130, 19.706421, 76.387535
2017-12-11 12:07:41 +0800, HIH6130, 19.716492, 76.381432
2017-12-11 12:08:11 +0800, HIH6130, 19.709778, 76.373291
2017-12-11 12:08:41 +0800, HIH6130, 19.709778, 76.373291
2017-12-11 12:09:11 +0800, HIH6130, 19.703064, 76.373291
2017-12-11 12:09:41 +0800, HIH6130, 19.709778, 76.373291
2017-12-11 12:10:11 +0800, HIH6130, 19.709778, 76.373291
2017-12-11 12:10:41 +0800, HIH6130, 19.709778, 76.373291
2017-12-11 12:11:11 +0800, HIH6130, 19.703064, 76.373291
2017-12-11 12:11:41 +0800, HIH6130, 19.703064, 76.379395
2017-12-11 12:12:11 +0800, HIH6130, 19.709778, 76.373291
2017-12-11 12:12:41 +0800, HIH6130, 19.703064, 76.373291
2017-12-11 12:13:11 +0800, HIH6130, 19.709778, 76.373291
2017-12-11 12:13:41 +0800, HIH6130, 19.709778, 76.373291
2017-12-11 12:14:11 +0800, HIH6130, 19.709778, 76.373291
2017-12-11 12:14:41 +0800, HIH6130, 19.709778, 76.373291
2017-12-11 12:15:11 +0800, HIH6130, 19.703064, 76.373291
2017-12-11 12:15:41 +0800, HIH6130, 19.703064, 76.373291
2017-12-11 12:16:11 +0800, HIH6130, 19.709778, 76.373291
2017-12-11 12:16:41 +0800, HIH6130, 19.703064, 76.373291
2017-12-11 12:17:11 +0800, HIH6130, 19.703064, 76.373291
2017-12-11 12:17:41 +0800, HIH6130, 19.703064, 76.373291
2017-12-11 12:18:11 +0800, HIH6130, 19.709778, 76.373291
2017-12-11 12:18:41 +0800, HIH6130, 19.709778, 76.379395
2017-12-11 12:19:11 +0800, HIH6130, 19.709778, 76.373291
2017-12-11 12:19:41 +0800, HIH6130, 19.709778, 76.373291
2017-12-11 12:20:11 +0800, HIH6130, 19.709778, 76.373291
2017-12-11 12:20:41 +0800, HIH6130, 19.703064, 76.373291
2017-12-11 12:21:11 +0800, HIH6130, 19.703064, 76.373291
2017-12-11 12:21:41 +0800, HIH6130, 19.709778, 76.373291
2017-12-11 12:22:11 +0800, HIH6130, 19.703064, 76.373291
2017-12-11 12:22:41 +0800, HIH6130, 19.709778, 76.373291
2017-12-11 12:23:11 +0800, HIH6130, 19.703064, 76.373291
2017-12-11 12:23:41 +0800, HIH6130, 19.696350, 76.373291
2017-12-11 12:24:11 +0800, HIH6130, 19.703064, 76.373291
2017-12-11 12:24:41 +0800, HIH6130, 19.709778, 76.373291
2017-12-11 12:25:11 +0800, HIH6130, 19.703064, 76.373291
2017-12-11 12:25:41 +0800, HIH6130, 19.696350, 76.373291
2017-12-11 12:26:11 +0800, HIH6130, 19.696350, 76.373291
2017-12-11 12:26:41 +0800, HIH6130, 19.703064, 76.373291
2017-12-11 12:27:11 +0800, HIH6130, 19.689636, 76.373291
2017-12-11 12:27:41 +0800, HIH6130, 19.689636, 76.373291
2017-12-11 12:28:11 +0800, HIH6130, 19.689636, 76.373291
2017-12-11 12:28:41 +0800, HIH6130, 19.689636, 76.373291
2017-12-11 12:29:11 +0800, HIH6130, 19.689636, 76.373291
2017-12-11 12:29:41 +0800, HIH6130, 19.689636, 76.373291
2017-12-11 12:30:11 +0800, HIH6130, 19.709778, 76.373291
2017-12-11 12:30:41 +0800, HIH6130, 19.703064, 76.373291
2017-12-11 12:31:11 +0800, HIH6130, 19.703064, 76.373291
2017-12-11 12:31:41 +0800, HIH6130, 19.689636, 76.373291
2017-12-11 12:32:11 +0800, HIH6130, 19.696350, 76.373291
2017-12-11 12:32:41 +0800, HIH6130, 19.696350, 76.367188
2017-12-11 12:33:11 +0800, HIH6130, 19.696350, 76.373291
2017-12-11 12:33:41 +0800, HIH6130, 19.689636, 76.373291
2017-12-11 12:34:11 +0800, HIH6130, 19.703064, 76.373291
2017-12-11 12:34:41 +0800, HIH6130, 19.696350, 76.373291
2017-12-11 12:35:11 +0800, HIH6130, 19.696350, 76.373291
2017-12-11 12:35:41 +0800, HIH6130, 19.703064, 76.361084
2017-12-11 12:36:11 +0800, HIH6130, 19.689636, 76.373291
2017-12-11 12:36:42 +0800, HIH6130, 19.696350, 76.373291
2017-12-11 12:37:12 +0800, HIH6130, 19.696350, 76.367188
2017-12-11 12:37:42 +0800, HIH6130, 19.703064, 76.373291
2017-12-11 12:38:12 +0800, HIH6130, 19.689636, 76.367188
2017-12-11 12:38:42 +0800, HIH6130, 19.689636, 76.354980
2017-12-11 12:39:12 +0800, HIH6130, 19.696350, 76.361084
2017-12-11 12:39:42 +0800, HIH6130, 19.689636, 76.361084
2017-12-11 12:40:12 +0800, HIH6130, 19.696350, 76.354980
2017-12-11 12:40:42 +0800, HIH6130, 19.689636, 76.354980
2017-12-11 12:41:12 +0800, HIH6130, 19.686279, 76.357018
2017-12-11 12:41:42 +0800, HIH6130, 19.689636, 76.354980
2017-12-11 12:42:12 +0800, HIH6130, 19.689636, 76.354980
2017-12-11 12:42:42 +0800, HIH6130, 19.686279, 76.357018
2017-12-11 12:43:12 +0800, HIH6130, 19.696350, 76.354980
2017-12-11 12:43:42 +0800, HIH6130, 19.689636, 76.354980
2017-12-11 12:44:12 +0800, HIH6130, 19.686279, 76.357018
2017-12-11 12:44:42 +0800, HIH6130, 19.696350, 76.354980
2017-12-11 12:45:12 +0800, HIH6130, 19.689636, 76.354980
2017-12-11 12:45:42 +0800, HIH6130, 19.686279, 76.357018
2017-12-11 12:46:12 +0800, HIH6130, 19.686279, 76.363121
2017-12-11 12:46:42 +0800, HIH6130, 19.689636, 76.361084
2017-12-11 12:47:12 +0800, HIH6130, 19.686279, 76.357018
2017-12-11 12:47:42 +0800, HIH6130, 19.689636, 76.354980
2017-12-11 12:48:12 +0800, HIH6130, 19.686279, 76.363121
2017-12-11 12:48:42 +0800, HIH6130, 19.686279, 76.357018
2017-12-11 12:49:12 +0800, HIH6130, 19.689636, 76.354980
2017-12-11 12:49:42 +0800, HIH6130, 19.686279, 76.357018
2017-12-11 12:50:12 +0800, HIH6130, 19.679565, 76.361084
2017-12-11 12:50:42 +0800, HIH6130, 19.689636, 76.354980
2017-12-11 12:51:12 +0800, HIH6130, 19.686279, 76.357018
2017-12-11 12:51:42 +0800, HIH6130, 19.686279, 76.357018
2017-12-11 12:52:12 +0800, HIH6130, 19.682922, 76.359047
2017-12-11 12:52:42 +0800, HIH6130, 19.686279, 76.365150
2017-12-11 12:53:12 +0800, HIH6130, 19.682922, 76.359047
2017-12-11 12:53:42 +0800, HIH6130, 19.689636, 76.354980
2017-12-11 12:54:12 +0800, HIH6130, 19.689636, 76.354980
2017-12-11 12:54:42 +0800, HIH6130, 19.689636, 76.354980
2017-12-11 12:55:12 +0800, HIH6130, 19.689636, 76.354980
2017-12-11 12:55:42 +0800, HIH6130, 19.682922, 76.359047
2017-12-11 12:56:12 +0800, HIH6130, 19.686279, 76.357018
2017-12-11 12:56:42 +0800, HIH6130, 19.686279, 76.357018
2017-12-11 12:57:12 +0800, HIH6130, 19.686279, 76.357018
2017-12-11 12:57:42 +0800, HIH6130, 19.686279, 76.357018
2017-12-11 12:58:12 +0800, HIH6130, 19.679565, 76.361084
2017-12-11 12:58:42 +0800, HIH6130, 19.679565, 76.361084
2017-12-11 12:59:12 +0800, HIH6130, 19.686279, 76.357018
2017-12-11 12:59:42 +0800, HIH6130, 19.692993, 76.357018
2017-12-11 13:00:12 +0800, HIH6130, 19.686279, 76.357018
2017-12-11 13:00:42 +0800, HIH6130, 19.679565, 76.361084
2017-12-11 13:01:12 +0800, HIH6130, 19.679565, 76.354980
2017-12-11 13:01:42 +0800, HIH6130, 19.679565, 76.361084
2017-12-11 13:02:12 +0800, HIH6130, 19.682922, 76.359047
2017-12-11 13:02:42 +0800, HIH6130, 19.679565, 76.348877
2017-12-11 13:03:12 +0800, HIH6130, 19.679565, 76.344810
2017-12-11 13:03:42 +0800, HIH6130, 19.682922, 76.352943
2017-12-11 13:04:12 +0800, HIH6130, 19.686279, 76.357018
2017-12-11 13:04:42 +0800, HIH6130, 19.682922, 76.359047
2017-12-11 13:05:12 +0800, HIH6130, 19.682922, 76.359047
2017-12-11 13:05:42 +0800, HIH6130, 19.686279, 76.350914
2017-12-11 13:06:12 +0800, HIH6130, 19.679565, 76.342773
2017-12-11 13:06:42 +0800, HIH6130, 19.679565, 76.342773
2017-12-11 13:07:12 +0800, HIH6130, 19.679565, 76.342773
2017-12-11 13:07:42 +0800, HIH6130, 19.679565, 76.342773
2017-12-11 13:08:12 +0800, HIH6130, 19.676208, 76.342773
2017-12-11 13:08:42 +0800, HIH6130, 19.676208, 76.342773
2017-12-11 13:09:12 +0800, HIH6130, 19.679565, 76.342773
2017-12-11 13:09:42 +0800, HIH6130, 19.676208, 76.342773
2017-12-11 13:10:12 +0800, HIH6130, 19.679565, 76.342773
2017-12-11 13:10:42 +0800, HIH6130, 19.676208, 76.342773
2017-12-11 13:11:12 +0800, HIH6130, 19.679565, 76.342773
2017-12-11 13:11:42 +0800, HIH6130, 19.676208, 76.342773
2017-12-11 13:12:12 +0800, HIH6130, 19.679565, 76.342773
2017-12-11 13:12:42 +0800, HIH6130, 19.679565, 76.342773
2017-12-11 13:13:12 +0800, HIH6130, 19.676208, 76.342773
2017-12-11 13:13:42 +0800, HIH6130, 19.679565, 76.342773
2017-12-11 13:14:12 +0800, HIH6130, 19.672852, 76.342773
2017-12-11 13:14:42 +0800, HIH6130, 19.676208, 76.342773
2017-12-11 13:15:12 +0800, HIH6130, 19.672852, 76.342773
2017-12-11 13:15:42 +0800, HIH6130, 19.672852, 76.342773
2017-12-11 13:16:12 +0800, HIH6130, 19.672852, 76.342773
2017-12-11 13:16:42 +0800, HIH6130, 19.676208, 76.342773
2017-12-11 13:17:12 +0800, HIH6130, 19.676208, 76.342773
2017-12-11 13:17:42 +0800, HIH6130, 19.679565, 76.342773
2017-12-11 13:18:12 +0800, HIH6130, 19.672852, 76.342773
2017-12-11 13:18:42 +0800, HIH6130, 19.672852, 76.342773
2017-12-11 13:19:12 +0800, HIH6130, 19.679565, 76.342773
2017-12-11 13:19:42 +0800, HIH6130, 19.672852, 76.342773
2017-12-11 13:20:12 +0800, HIH6130, 19.676208, 76.342773
2017-12-11 13:20:42 +0800, HIH6130, 19.676208, 76.342773
2017-12-11 13:21:12 +0800, HIH6130, 19.672852, 76.342773
2017-12-11 13:21:42 +0800, HIH6130, 19.676208, 76.342773
2017-12-11 13:22:12 +0800, HIH6130, 19.676208, 76.342773
2017-12-11 13:22:42 +0800, HIH6130, 19.672852, 76.342773
2017-12-11 13:23:12 +0800, HIH6130, 19.679565, 76.342773
2017-12-11 13:23:42 +0800, HIH6130, 19.669495, 76.342773
2017-12-11 13:24:12 +0800, HIH6130, 19.676208, 76.342773
2017-12-11 13:24:42 +0800, HIH6130, 19.669495, 76.342773
2017-12-11 13:25:12 +0800, HIH6130, 19.672852, 76.342773
2017-12-11 13:25:42 +0800, HIH6130, 19.669495, 76.342773
2017-12-11 13:26:12 +0800, HIH6130, 19.676208, 76.342773
2017-12-11 13:26:42 +0800, HIH6130, 19.672852, 76.342773
2017-12-11 13:27:12 +0800, HIH6130, 19.679565, 76.342773
2017-12-11 13:27:42 +0800, HIH6130, 19.679565, 76.342773
2017-12-11 13:28:12 +0800, HIH6130, 19.669495, 76.342773
2017-12-11 13:28:42 +0800, HIH6130, 19.672852, 76.342773
2017-12-11 13:29:12 +0800, HIH6130, 19.672852, 76.342773
2017-12-11 13:29:42 +0800, HIH6130, 19.669495, 76.342773
2017-12-11 13:30:12 +0800, HIH6130, 19.669495, 76.342773
2017-12-11 13:30:42 +0800, HIH6130, 19.676208, 76.342773
2017-12-11 13:31:12 +0800, HIH6130, 19.672852, 76.342773
2017-12-11 13:31:42 +0800, HIH6130, 19.669495, 76.342773
2017-12-11 13:32:12 +0800, HIH6130, 19.669495, 76.342773
2017-12-11 13:32:42 +0800, HIH6130, 19.662781, 76.342773
2017-12-11 13:33:12 +0800, HIH6130, 19.676208, 76.342773
2017-12-11 13:33:42 +0800, HIH6130, 19.669495, 76.342773
2017-12-11 13:34:12 +0800, HIH6130, 19.672852, 76.336670
2017-12-11 13:34:42 +0800, HIH6130, 19.672852, 76.336670
2017-12-11 13:35:12 +0800, HIH6130, 19.669495, 76.336670
2017-12-11 13:35:42 +0800, HIH6130, 19.669495, 76.336670
2017-12-11 13:36:12 +0800, HIH6130, 19.669495, 76.330566
2017-12-11 13:36:42 +0800, HIH6130, 19.669495, 76.342773
2017-12-11 13:37:12 +0800, HIH6130, 19.669495, 76.324463
2017-12-11 13:37:42 +0800, HIH6130, 19.662781, 76.324463
2017-12-11 13:38:12 +0800, HIH6130, 19.669495, 76.336670
2017-12-11 13:38:42 +0800, HIH6130, 19.672852, 76.324463
2017-12-11 13:39:12 +0800, HIH6130, 19.662781, 76.330566
2017-12-11 13:39:42 +0800, HIH6130, 19.669495, 76.336670
2017-12-11 13:40:12 +0800, HIH6130, 19.662781, 76.330566
2017-12-11 13:40:42 +0800, HIH6130, 19.669495, 76.330566
2017-12-11 13:41:12 +0800, HIH6130, 19.656067, 76.336670
2017-12-11 13:41:42 +0800, HIH6130, 19.662781, 76.324463
2017-12-11 13:42:12 +0800, HIH6130, 19.669495, 76.342773
2017-12-11 13:42:42 +0800, HIH6130, 19.656067, 76.336670
2017-12-11 13:43:12 +0800, HIH6130, 19.662781, 76.342773
2017-12-11 13:43:42 +0800, HIH6130, 19.669495, 76.342773
2017-12-11 13:44:12 +0800, HIH6130, 19.669495, 76.336670
2017-12-11 13:44:42 +0800, HIH6130, 19.669495, 76.330566
2017-12-11 13:45:12 +0800, HIH6130, 19.662781, 76.324463
2017-12-11 13:45:42 +0800, HIH6130, 19.669495, 76.330566
2017-12-11 13:46:12 +0800, HIH6130, 19.656067, 76.324463
2017-12-11 13:46:42 +0800, HIH6130, 19.669495, 76.330566
2017-12-11 13:47:12 +0800, HIH6130, 19.669495, 76.324463
2017-12-11 13:47:42 +0800, HIH6130, 19.662781, 76.330566
2017-12-11 13:48:12 +0800, HIH6130, 19.662781, 76.324463
2017-12-11 13:48:42 +0800, HIH6130, 19.669495, 76.324463
2017-12-11 13:49:12 +0800, HIH6130, 19.662781, 76.324463
2017-12-11 13:49:42 +0800, HIH6130, 19.656067, 76.324463
2017-12-11 13:50:12 +0800, HIH6130, 19.656067, 76.324463
2017-12-11 13:50:42 +0800, HIH6130, 19.669495, 76.330566
2017-12-11 13:51:12 +0800, HIH6130, 19.656067, 76.324463
2017-12-11 13:51:42 +0800, HIH6130, 19.662781, 76.324463
2017-12-11 13:52:12 +0800, HIH6130, 19.669495, 76.324463
2017-12-11 13:52:42 +0800, HIH6130, 19.662781, 76.324463
2017-12-11 13:53:12 +0800, HIH6130, 19.662781, 76.324463
2017-12-11 13:53:42 +0800, HIH6130, 19.656067, 76.324463
2017-12-11 13:54:12 +0800, HIH6130, 19.656067, 76.324463
2017-12-11 13:54:42 +0800, HIH6130, 19.656067, 76.324463
2017-12-11 13:55:12 +0800, HIH6130, 19.649353, 76.324463
2017-12-11 13:55:42 +0800, HIH6130, 19.656067, 76.324463
2017-12-11 13:56:12 +0800, HIH6130, 19.649353, 76.324463
2017-12-11 13:56:42 +0800, HIH6130, 19.656067, 76.324463
2017-12-11 13:57:12 +0800, HIH6130, 19.662781, 76.324463
2017-12-11 13:57:42 +0800, HIH6130, 19.649353, 76.324463
2017-12-11 13:58:12 +0800, HIH6130, 19.656067, 76.324463
2017-12-11 13:58:42 +0800, HIH6130, 19.662781, 76.324463
2017-12-11 13:59:12 +0800, HIH6130, 19.649353, 76.324463
2017-12-11 13:59:42 +0800, HIH6130, 19.649353, 76.324463
